Workbook

Sheet DATA
B2: 45658 | E2: 45689 | H2: 45717 | J2: 45748 | L2: 45778 | O2: 45809 | Q2: 45839 | S2: 45870 | U2: 45901 | W2: 45931 | Y2: 45962 | AA2: 45992 | AC2: 46023 | AE2: 46054 | AG2: 46082 | AI2: 46113 | AK2: 46143 | AM2: 46174
B3: Item | C3: Qty | E3: Item | F3: Qty | H3: Item | I3: Qty | J3: Item | K3: Qty | L3: Item | M3: Qty | O3: Item | P3: Qty | Q3: Item | R3: Qty | S3: Item | T3: Qty | U3: Item | V3: Qty | W3: Item | X3: Qty | Y3: Item | Z3: Qty | AA3: Item | AB3: Qty | AC3: Item | AD3: Qty | AE3: Item | AF3: Qty | AG3: Item | AH3: Qty | AI3: Item | AJ3: Qty | AK3: Item | AL3: Qty | AM3: Item | AN3: Qty
B4: 003-0100-001-T | C4: -28 | E4: 003-0100-001-T | F4: -70 | H4: 003-0100-001-T | I4: -68 | J4: 003-0100-001-T | K4: -30 | L4: 003-0100-001-T | M4: -24 | O4: 001-0136-002-T | P4: -1 | Q4: 003-0100-001-T | R4: -62 | S4: 001-0136-002-T | T4: -1 | U4: 003-0100-001-T | V4: -63 | W4: 003-0100-001-T | X4: -71 | Y4: 003-0100-001-T | Z4: -12 | AA4: 003-0100-001-T | AB4: -4 | AC4: 003-0100-001-T | AD4: -8 | AE4: 003-0100-001-T | AF4: -16 | AG4: 003-0100-001-T | AH4: -40 | AI4: 003-0100-001-T | AJ4: -34 | AK4: 003-0100-001-T | AL4: -40 | AM4: 003-0100-001-T | AN4: -54
B5: 003-0100-T | C5: -38 | E5: 003-0100-T | F5: -64 | H5: 003-0100-T | I5: -23 | J5: 003-0100-T | K5: -30 | L5: 003-0100-T | M5: -36 | O5: 003-0100-001-T | P5: -30 | Q5: 003-0100-T | R5: -44 | S5: 003-0100-001-T | T5: -78 | U5: 003-0100-T | V5: -54 | W5: 003-0100-T | X5: -58 | Y5: 003-0100-T | Z5: -8 | AA5: 003-0100-T | AB5: -10 | AC5: 003-0100-T | AD5: -8 | AE5: 003-0100-T | AF5: -48 | AG5: 003-0100-T | AH5: -53 | AI5: 003-0100-T | AJ5: -33 | AK5: 003-0100-T | AL5: -22 | AM5: 003-0100-T | AN5: -38
B6: 003-0121-001-T | C6: -20 | E6: 003-0121-005-T | F6: -1906 | H6: 003-0121-005-T | I6: -343 | J6: 003-0121-001-T | K6: -215.99 | L6: 003-0121-001-T | M6: -280 | O6: 003-0100-T | P6: -62 | Q6: 003-0121-001-T | R6: -88 | S6: 003-0100-T | T6: -36 | U6: 003-0121-001-T | V6: -120 | W6: 003-0121-001-T | X6: -80 | Y6: 003-0121-005-T | Z6: -48 | AA6: 003-0121-001-T | AB6: -66 | AC6: 003-0121-005-T | AD6: -896 | AE6: 003-0121-005-T | AF6: -1497 | AG6: 003-0121-005-T | AH6: -913 | AI6: 003-0121-001-T | AJ6: -8 | AK6: 003-0121-001-T | AL6: -8 | AM6: 003-0121-005-T | AN6: -696
B7: 003-0121-005-T | C7: -1680 | E7: 003-3447 | F7: -364 | H7: 003-3447 | I7: -230 | J7: 003-0121-005-T | K7: -224 | L7: 003-0121-005-t | M7: -1232 | O7: 003-0121-001-T | P7: -104 | Q7: 003-0121-005-T | R7: -1040 | S7: 003-0121-001-T | T7: -40 | U7: 003-0121-005-T | V7: -648 | W7: 003-0121-005-T | X7: -802 | Y7: 003-2707-001 | Z7: -8 | AA7: 003-0121-005-T | AB7: -176 | AC7: 003-3430 | AD7: -28 | AE7: 003-3447 | AF7: -50 | AG7: 003-3430 | AH7: -98 | AI7: 003-0121-005-T | AJ7: -866 | AK7: 003-0121-005-T | AL7: -288 | AM7: 003-0121-T | AN7: -1
B8: 003-3447 | C8: -176 | E8: 014-0120-001-T | F8: -50 | H8: 014-0120-001-T | I8: -87.5 | J8: 003-3447 | K8: -30 | L8: 003-3447 | M8: -64 | O8: 003-0121-005-T | P8: -134 | Q8: 003-3447 | R8: -21 | S8: 003-0121-005-T | T8: -533 | U8: 003-3447 | V8: -83 | W8: 003-2992-001 | X8: -9 | Y8: 003-3430 | Z8: -14 | AA8: 003-3430 | AB8: -14 | AC8: 003-3447 | AD8: -81 | AE8: 010-0187-004-T | AF8: -2 | AG8: 003-3447 | AH8: -185 | AI8: 003-3430 | AJ8: -116 | AK8: 003-3430 | AL8: -88 | AM8: 003-3430 | AN8: -98
B9: 005-0108-001-T | C9: -2 | E9: 014-0205-004-T | F9: -287 | H9: 014-0205-003-T | I9: -27 | J9: 005-0108-T | K9: -6 | L9: 005-0108-T | M9: -8 | O9: 003-0128-001-t | P9: -24 | Q9: 014-0120-001-T | R9: -73 | S9: 003-3447 | T9: -79 | U9: 010-4835 | V9: -2 | W9: 003-3430 | X9: -28 | Y9: 003-3447 | Z9: -7 | AA9: 003-3447 | AB9: -12 | AC9: 014-0205-003-T | AD9: -12 | AE9: 010-0187-004-T-LB | AF9: -2 | AG9: 010-0575-002-T | AH9: -5 | AI9: 003-3447 | AJ9: -65 | AK9: 003-3447 | AL9: -54 | AM9: 003-3447 | AN9: -51
B10: 014-0120-001-T | C10: -23.1 | E10: 014-0537-001-T | F10: -87 | H10: 014-0205-004-T | I10: -176 | J10: 014-0120-001-T | K10: -15 | L10: 014-0120-001-T | M10: -28.5 | O10: 003-0128-002-t | P10: -48 | Q10: 014-0205-004-T | R10: -31 | S10: 014-0120-001-T | T10: -46.1 | U10: 014-0120-001-t | V10: -73.35 | W10: 003-3447 | X10: -48 | Y10: 014-0120-001-T | Z10: -18.8 | AA10: 014-0205-003-T | AB10: -8 | AC10: 014-0205-004-T | AD10: -16 | AE10: 014-0120-001-T | AF10: -41.3 | AG10: 014-0120-001-T | AH10: -39 | AI10: 005-0108-T | AJ10: -2 | AK10: 010-0187-004-T-LB | AL10: -2 | AM10: 005-0104-T | AN10: -2
B11: 014-0120-003-t | C11: -4.4 | E11: 015-2945 | F11: -7 | H11: 014-1876 | I11: -17 | J11: 014-0205-004-T | K11: -41 | L11: 014-0205-003-T | M11: -16 | O11: 003-3447 | P11: -32 | Q11: 015-2945 | R11: -24 | S11: 014-0205-003-T | T11: -6 | U11: 014-0205-003-T | V11: -18 | W11: 014-0120-001-T | X11: -78.95 | Y11: 014-0205-003-T | Z11: -24 | AA11: 014-0205-004-T | AB11: -26 | AC11: 014-1876 | AD11: -10 | AE11: 014-0205-003-T | AF11: -9 | AG11: 014-0205-003-T | AH11: -4 | AI11: 014-0120-001-T | AJ11: -21.4 | AK11: 014-0120-001-t | AL11: -2 | AM11: 005-0108-001-T | AN11: -3
B12: 014-0205-003-T | C12: -4 | E12: 019-1172 | F12: -16 | H12: 015-2945 | I12: -5 | J12: 014-0205-005-T | K12: -4 | L12: 014-0205-004-T | M12: -80 | O12: 005-0108-T | P12: -7 | Q12: 019-1172 | R12: -14 | S12: 014-0205-004-T | T12: -46 | U12: 014-0205-004-T | V12: -62 | W12: 014-0205-003-T | X12: -3 | Y12: 014-0205-004-T | Z12: -13 | AA12: 014-1876 | AB12: -8 | AC12: 019-1172 | AD12: -2 | AE12: 014-0205-004-T | AF12: -167 | AG12: 014-0205-004-T | AH12: -111 | AI12: 014-0205-003-T | AJ12: -4 | AK12: 014-0205-003-T | AL12: -16 | AM12: 010-0187-004-T | AN12: -2
B13: 014-0205-004-T | C13: -174 | E13: 019-1242 | F13: -48 | H13: 019-1172 | I13: -12 | J13: 014-1876 | K13: -24 | L13: 014-1876 | M13: -8 | O13: 014-0120-001-T | P13: -91 | Q13: 019-1242 | R13: -80 | S13: 014-1876 | T13: -10 | U13: 014-1876 | V13: -12 | W13: 014-0205-004-T | X13: -68 | Y13: 015-2945 | Z13: -28 | AA13: 019-1172 | AB13: -2 | AC13: 019-1242 | AD13: -12 | AE13: 015-2945 | AF13: -44.5 | AG13: 014-1876 | AH13: -2 | AI13: 014-0205-004-T | AJ13: -88 | AK13: 014-0205-004-T | AL13: -86 | AM13: 010-0524-T | AN13: -2
B14: 014-0205-005-T | C14: -4 | E14: 026-0125-001-T | F14: -95 | H14: 019-1242 | I14: -72 | J14: 019-1172 | K14: -2 | L14: 015-2945 | M14: -52 | O14: 014-0205-003-T | P14: -6 | Q14: 022-0103-001-T | R14: -8 | S14: 015-2945 | T14: -116 | U14: 019-1172 | V14: -8 | W14: 014-1876 | X14: -8 | Y14: 019-1172 | Z14: -2 | AA14: 020-1603 | AB14: -1 | AC14: 020-1603-002 | AD14: -2 | AE14: 019-1172 | AF14: -8 | AG14: 015-2945 | AH14: -38.5 | AI14: 014-1876 | AJ14: -28 | AK14: 014-0537-001-T | AL14: -8 | AM14: 014-0120-001-T | AN14: -20.2
B15: 014-0537-001-T | C15: -90 | E15: 026-0125-001-T-LB | F15: -80 | H15: 020-1603 | I15: -8 | J15: 020-1603 | K15: -3 | L15: 019-1172 | M15: -9 | O15: 014-0205-004-T | P15: -56 | Q15: 022-0129-004-T | R15: -1 | S15: 019-1172 | T15: -5 | U15: 019-1242 | V15: -72 | W15: 015-2945 | X15: -27.5 | Y15: 019-1242 | Z15: -16 | AA15: 020-1603-002 | AB15: -3 | AC15: 025-1006-T | AD15: -2 | AE15: 019-1242 | AF15: -36 | AG15: 019-1172 | AH15: -12 | AI15: 015-2945 | AJ15: -62.5 | AK15: 015-2945 | AL15: -30 | AM15: 014-0205-004-T | AN15: -58
... B473: 9758-0015-T | C473: -8 | E473: RSA-0518 | F473: -2.2171 | H473: RSK-0101 | I473: -9.9 | J473: FAC0565 | K473: -21 | L473: 9292-0053-001-T | M473: -167 | O473: 9292-0048-016-T | P473: -12 | Q473: 9671-0021-T | R473: -52 | S473: 9880-0020-T | T473: -4 | U473: 9674-0010-003-t | V473: -20 | W473: 9754-0007-003-T | X473: -1 | Y473: RAA-0103 | Z473: -1.185 | AA473: WLC6022 | AB473: -5 | AC473: 9941-0177-T | AD473: -3 | AE473: 9739-0001-T | AF473: -68 | AG473: 9599-0023-001-T | AH473: -10 | AI473: 9333-0008-t | AJ473: -38 | AK473: 9574-0015-T | AL473: -6 | AM473: 9292-0048-016-T | AN473: -4
B474: 9869-0003-T | C474: -45 | E474: RSE-0116 | F474: -25 | H474: RSK-0102 | I474: -6 | J474: FAC0572 | K474: -2 | L474: 9293-0034-001-T | M474: -8 | O474: 9292-0048-017-T | P474: -56 | Q474: 9674-0010-003-T | R474: -16 | S474: 9880-0022-006-T | T474: -190 | U474: 9678-0005-T | V474: -88 | W474: 9754-0013-T | X474: -9 | Y474: RAA-0147 | Z474: -2.1 | AA474: (blank) | AC474: 9941-0195-001-T | AD474: -1 | AE474: 9740-0029-T | AF474: -3 | AG474: 9601-0024-001-t | AH474: -2 | AI474: 9333-0025 | AJ474: -1 | AK474: 9577-0046-002-T | AL474: -14 | AM474: 9292-0048-017-T | AN474: -8
B475: 9873-0007-T | C475: -11 | E475: RSF-0104 | F475: -4.2 | H475: RSK-0109 | I475: -0.45 | J475: FAC0625 | K475: -89 | L475: 9293-0036-T | M475: -3 | O475: 9292-0048-018-T | P475: -41 | Q475: 9678-0005-T | R475: -70 | S475: 9880-0022-007-T | T475: -345 | U475: 9681-0001-T | V475: -129 | W475: 9757-0094-T | X475: -3 | Y475: RAA-0158 | Z475: -12.035 | AA475: Grand Total | AB475: -8913.513 | AC475: 9941-0195-002-T | AD475: -3 | AE475: 9740-0034-T | AF475: -4 | AG475: 9667-0002-004-T | AH475: -17 | AI475: 9379-0013-001-t | AJ475: -15 | AK475: 9591-0038-T | AL475: -3 | AM475: 9292-0048-018-T | AN475: -3
B476: 9874-0031-T | C476: -171 | E476: RSH-0115 | F476: -392.5 | H476: SUNDRY-INV | I476: -9 | J476: FAC0631 | K476: -20 | L476: 9293-0037-T | M476: -3 | O476: 9292-0048-022-T | P476: -3 | Q476: 9726-0027-002-T | R476: -12 | S476: 9880-0022-008-T | T476: -380 | U476: 9726-0056-T | V476: -2 | W476: 9757-0096-T | X476: -1 | Y476: RAA-0180 | Z476: -17.45 | AC476: 9941-0223 | AD476: -10 | AE476: 9740-0044-T | AF476: -7 | AG476: 9667-0002-005-T | AH476: -3 | AI476: 9379-0013-t | AJ476: -12 | AK476: 9591-0040-T | AL476: -2 | AM476: 9292-0048-021-T | AN476: -3
B477: 9880-0019-t | C477: -2 | E477: RSH-0139 | F477: -29.9 | H477: SUNDRY-SERVICE | I477: -4 | J477: FAC0643 | K477: -5 | L477: 9293-0053-T | M477: -18 | O477: 9292-0048-024-T | P477: -20 | Q477: 9726-0067-T | R477: -5 | S477: 9880-0022-018-T | T477: -40 | U477: 9726-0115-t | V477: -30 | W477: 9758-0007-T | X477: -4 | Y477: RAA-0226 | Z477: -0.304 | AC477: 9941-0231-001-T | AD477: -1 | AE477: 9745-0011-T | AF477: -32 | AG477: 9669-0007-001-T | AH477: -40 | AI477: 9383-0005-T | AJ477: -1 | AK477: 9591-0051-T | AL477: -1 | AM477: 9292-0048-022-T | AN477: -6
B478: 9880-0020-t | C478: -12 | E478: RSJ-0101 | F478: -40 | H478: (blank) | J478: FAC0666 | K478: -6 | L478: 9293-0068-001-T | M478: -1 | O478: 9292-0048-026-T | P478: -16 | Q478: 9728-0004-002-T | R478: -28 | S478: 9880-0022-026-T | T478: -190 | U478: 9728-0038-001-T | V478: -8 | W478: 9869-0003-T | X478: -16 | Y478: RAA-0227 | Z478: -0.478 | AC478: 9941-0231-003-T | AD478: -6 | AE478: 9745-0018-002-T | AF478: -5 | AG478: 9669-0007-002-T | AH478: -11 | AI478: 9384-0003-001-T | AJ478: -6.5 | AK478: 9591-0068-T | AL478: -2 | AM478: 9292-0048-024-T | AN478: -6
B479: 9880-0037-T | C479: -96 | E479: RSJ-0102 | F479: -34.5756 | H479: Grand Total | I479: -47728.113 | J479: FAC0687 | K479: -1 | L479: 9325-0001 | M479: -7200 | O479: 9292-0048-027-T | P479: -143 | Q479: 9728-0045-t | R479: -20 | S479: 9880-0022-033-T | T479: -320 | U479: 9730-0002-003-T | V479: -1 | W479: 9873-0007-T | X479: -4 | Y479: RAA-0292 | Z479: -1.4 | AC479: 9941-0235-T | AD479: -1 | AE479: 9752-0012-T | AF479: -12 | AG479: 9669-0008-001-T | AH479: -2 | AI479: 9392-0007-T | AJ479: -11.14 | AK479: 9591-0094-T | AL479: -4 | AM479: 9292-0048-025-T | AN479: -10
B480: 9880-0045-T | C480: -1.75 | E480: RSJ-0109 | F480: -3.78 | J480: FAC0692 | K480: -2 | L480: 9326-0019-003-T | M480: -3 | O480: 9292-0052-002-T | P480: -93 | Q480: 9728-0055-T | R480: -10 | S480: 9880-0037-T | T480: -53 | U480: 9737-0010-T | V480: -5 | W480: 9880-0037-T | X480: -12 | Y480: RAA-0310 | Z480: -0.05 | AC480: 9941-0239-T | AD480: -4 | AE480: 9757-0012-T | AF480: -4 | AG480: 9669-0009-001-T | AH480: -1 | AI480: 9392-0028-001-T | AJ480: -36 | AK480: 9591-0097-T | AL480: -8 | AM480: 9292-0048-027-T | AN480: -6
B481: 9880-0047-T | C481: -7 | E481: RSK-0101 | F481: -2.87 | J481: FAC0705 | K481: -23 | L481: 9326-0043-002-T | M481: -152 | O481: 9292-0053-001-T | P481: -166 | Q481: 9738-0001-T | R481: -16 | S481: 9880-0040-T | T481: -20 | U481: 9738-0001-001-T | V481: -36 | W481: 9880-0044-064-T | X481: -1 | Y481: RAA-0320 | Z481: -0.1 | AC481: 9941-0256-T | AD481: -1 | AE481: 9757-0025-T | AF481: -1 | AG481: 9670-0003-001-T | AH481: -10 | AI481: 9392-0037-T | AJ481: -15 | AK481: 9591-0098-T | AL481: -2 | AM481: 9292-0048-034-T | AN481: -6
B482: 9935-0001-051-T | C482: -1 | E482: RSK-0102 | F482: -39 | J482: FAC0712 | K482: -8 | L482: 9326-0046-002-T | M482: -18 | O482: 9292-0055-T | P482: -10 | Q482: 9739-0001-T | R482: -68 | S482: 9880-0044-030-T | T482: -12 | U482: 9738-0001-T | V482: -26 | W482: 9880-0045-T | X482: -9.05 | Y482: RAA-0321 | Z482: -2.5 | AC482: 9941-0277-T | AD482: -6 | AE482: 9757-0036-100-T | AF482: -1 | AG482: 9670-0009-T | AH482: -2 | AI482: 9392-0046-T | AJ482: -45 | AK482: 9591-0108-T | AL482: -2 | AM482: 9292-0048-036-T | AN482: -1
B483: 9935-0010-050-T | C483: -1 | E483: RSK-0109 | F483: -2.81 | J483: FAC-0736 | K483: -245 | L483: 9326-0047-002-T | M483: -20 | O483: 9292-0056-T | P483: -10 | Q483: 9740-0002-T | R483: -7 | S483: 9880-0045-T | T483: -7.008 | U483: 9739-0001-T | V483: -60 | W483: 9881-0003-T | X483: -2 | Y483: RAA-0329 | Z483: -4 | AC483: 9941-0278-T | AD483: -4 | AE483: 9757-0094-T | AF483: -6 | AG483: 9671-0016-001-T | AH483: -28 | AI483: 9392-0074-T | AJ483: -40 | AK483: 9591-0109-T | AL483: -3.5 | AM483: 9292-0048-041-T | AN483: -5
B484: 9935-0010-076-T | C484: -2 | E484: SUNDRY-INV | F484: -10 | J484: FAC0741 | K484: -41.2222 | L484: 9326-0048-002-T | M484: -39 | O484: 9292-0057-T | P484: -5 | Q484: 9740-0034-T | R484: -2 | S484: 9880-0049-001-T | T484: -50 | U484: 9740-0029-T | V484: -1 | W484: 9881-0005-T | X484: -1 | Y484: RAA-0330 | Z484: -6.75 | AC484: 9942-0021-T | AD484: -7 | AE484: 9757-0096-T | AF484: -2 | AG484: 9671-0017-T | AH484: -253 | AI484: 9392-0075-T | AJ484: -54 | AK484: 9591-0110-T | AL484: -5 | AM484: 9292-0052-002-T | AN484: -108
B485: 9941-0065-003-T | C485: -12 | E485: SUNDRY-SERVICE | F485: -18 | J485: FAC0742 | K485: -10 | L485: 9326-0059-002-T | M485: -2 | O485: 9293-0036-T | P485: -2 | Q485: 9740-0043-T | R485: -6 | S485: 9941-0039-005-T | T485: -9 | U485: 9740-0030-T | V485: -1 | W485: 9881-0006-T | X485: -1 | Y485: RAA-0332 | Z485: -2 | AC485: 9965-0009-T | AD485: -1500 | AE485: 9757-0097-001-T | AF485: -12 | AG485: 9671-0018-T | AH485: -26 | AI485: 9392-0099-T | AJ485: -2 | AK485: 9591-0112-T | AL485: -10 | AM485: 9292-0053-001-T | AN485: -148
B486: 9941-0071-T | C486: -29 | E486: (blank) | J486: FAC0743 | K486: -11 | L486: 9326-0060-T | M486: -18 | O486: 9293-0037-T | P486: -2 | Q486: 9740-0044-T | R486: -1 | S486: 9941-0065-003-T | T486: -9 | U486: 9740-0034-T | V486: -3 | W486: 9941-0039-005-T | X486: -6 | Y486: RAA-0341 | Z486: -2 | AC486: 9966-0035-001-T | AD486: -13 | AE486: 9757-0149-t | AF486: -2 | AG486: 9671-0019-T | AH486: -120 | AI486: 9442-0010-T | AJ486: -14 | AK486: 9591-0113-T | AL486: -10 | AM486: 9293-0036-LB | AN486: -40
B487: 9941-0084-T | C487: -8 | E487: Grand Total | F487: -64403.992 | J487: FAC0749 | K487: -21 | L487: 9326-0071-002-T | M487: -20 | O487: 9293-0053-T | P487: -18 | Q487: 9745-0003-T | R487: -11 | S487: 9941-0071-T | T487: -28 | U487: 9740-0043-T | V487: -1 | W487: 9941-0065-003-T | X487: -6 | Y487: RAA-0381 | Z487: -1 | AC487: 9968-0019-T | AD487: -95 | AE487: 9758-0007-T | AF487: -4 | AG487: 9671-0021-001-T | AH487: -2 | AI487: 9442-0014-T | AJ487: -20 | AK487: 9591-0114-T | AL487: -2 | AM487: 9293-0036-T | AN487: -2
B488: 9941-0098-T | C488: -1 | J488: FAC0785 | K488: -15.0001 | L488: 9330-0001-T | M488: -28 | O488: 9293-0068-001-T | P488: -1 | Q488: 9745-0011-T | R488: -20 | S488: 9941-0084-T | T488: -1 | U488: 9745-0003-T | V488: -6 | W488: 9941-0071-T | X488: -22 | Y488: RAA-0382 | Z488: -1 | AC488: 9968-0020-001-T | AD488: -36 | AE488: 9758-0015-T | AF488: -4 | AG488: 9671-0021-T | AH488: -106 | AI488: 9442-0019-T | AJ488: -5 | AK488: 9594-0012-002-T | AL488: -2 | AM488: 9293-0037-LB | AN488: -40
B489: 9941-0112-T | C489: -1 | J489: FAC0786 | K489: -2 | L489: 9330-0002-T | M489: -23 | O489: 9325-0001 | P489: -900 | Q489: 9747-0001-T | R489: -80 | S489: 9941-0098-T | T489: -1 | U489: 9745-0011-T | V489: -30 | W489: 9941-0092-T | X489: -1 | Y489: RAA-0401 | Z489: -0.1 | AC489: 9968-0045-T | AD489: -27 | AE489: 9869-0003-T | AF489: -18 | AG489: 9672-0003-T | AH489: -1 | AI489: 9473-0015-T | AJ489: -1 | AK489: 9595-0006-T | AL489: -1 | AM489: 9293-0037-T | AN489: -5
B490: 9941-0136-003-T | C490: -24 | J490: FAC0789 | K490: -27 | L490: 9331-0001-T | M490: -45 | O490: 9326-0008-T | P490: -15 | Q490: 9757-0094-T | R490: -6 | S490: 9941-0101-003-T | T490: -20 | U490: 9754-0007-003-T | V490: -1 | W490: 9941-0136-003-T | X490: -10 | Y490: RAA-0402 | Z490: -0.5 | AC490: AD1021-01 | AD490: -1 | AE490: 9869-0006-052-T | AF490: -4 | AG490: 9674-0010-003-T | AH490: -48 | AI490: 9473-0020-T | AJ490: -8 | AK490: 9599-0023-001-T | AL490: -5 | AM490: 9325-0001 | AN490: -4054.51
B491: 9941-0136-004-T | C491: -32 | J491: FAC0803 | K491: -2 | L491: 9333-0003-T | M491: -855 | O491: 9326-0019-003-T | P491: -2 | Q491: 9757-0096-T | R491: -2 | S491: 9941-0136-003-T | T491: -13 | U491: 9757-0094-T | V491: -9 | W491: 9941-0136-004-T | X491: -16 | Y491: RAA-0413 | Z491: -10 | AC491: CUSDECAL | AD491: -3 | AE491: 9873-0007-T | AF491: -4 | AG491: 9678-0001-T | AH491: -1 | AI491: 9489-0012-001-T | AJ491: -1 | AK491: 9601-0024-001-T | AL491: -17 | AM491: 9326-0019-003-T | AN491: -2
B492: 9941-0177-T | C492: -14 | J492: FAC0812 | K492: -2 | L492: 9333-0008-T | M492: -16 | O492: 9326-0043-002-T | P492: -192 | Q492: 9758-0002-001-T | R492: -12 | S492: 9941-0136-004-T | T492: -40 | U492: 9757-0096-T | V492: -3 | W492: 9941-0157-T | X492: -1 | Y492: RAA-0416 | Z492: -2 | AC492: ESP0001 | AD492: -9 | AE492: 9874-0031-T | AF492: -156 | AG492: 9678-0005-T | AH492: -132 | AI492: 9489-0029-T | AJ492: -1 | AK492: 9601-0039-T | AL492: -2 | AM492: 9326-0030-001-T | AN492: -2
B493: 9941-0196-T | C493: -1 | J493: FAC0813 | K493: -1 | L493: 9334-0008-003-T | M493: -17 | O493: 9326-0046-002-T | P493: -13 | Q493: 9758-0007-T | R493: -8 | S493: 9941-0177-T | T493: -9 | U493: 9757-0146-T | V493: -1 | W493: 9941-0177-T | X493: -6 | Y493: RAE-0109 | Z493: -152.16 | AC493: FAC0007 | AD493: -2 | AE493: 9880-0020-T | AF493: -6 | AG493: 9681-0001-T | AH493: -8 | AI493: 9489-0032-T | AJ493: -2 | AK493: 9667-0002-002-T | AL493: -6 | AM493: 9326-0043-001-T | AN493: -18
B494: 9941-0231-001-T | C494: -8 | J494: FAC1099 | K494: -2 | L494: 9334-0008-005-T | M494: -34 | O494: 9326-0047-002-T | P494: -15 | Q494: 9758-0015-T | R494: -14 | S494: 9941-0209-T | T494: -6 | U494: 9758-0007-T | V494: -7 | W494: 9941-0209-T | X494: -10 | Y494: RAF-0101 | Z494: -24 | AC494: FAC0013 | AD494: -12 | AE494: 9880-0022-007-T | AF494: -60 | AG494: 9728-0045-T | AH494: -36 | AI494: 9489-0033-001-T | AJ494: -8 | AK494: 9667-0002-004-T | AL494: -2 | AM494: 9326-0043-002-T | AN494: -55
B495: 9941-0231-003-T | C495: -32 | J495: FAC1163 | K495: -3 | L495: 9379-0018-T | M495: -3 | O495: 9326-0048-002-T | P495: -15 | Q495: 9873-0007-T | R495: -8 | S495: 9941-0223 | T495: -19 | U495: 9758-0015-T | V495: -4 | W495: 9941-0210-002-T | X495: -3 | Y495: RAF-0102 | Z495: -388.66 | AC495: FAC0014 | AD495: -44 | AE495: 9880-0022-008-T | AF495: -60 | AG495: 9728-0061-T | AH495: -5 | AI495: 9489-0046-T | AJ495: -1 | AK495: 9667-0002-005-T | AL495: -9 | AM495: 9326-0045-001-T | AN495: -9
B496: 9941-0235-T | C496: -9 | J496: FST-0114 | K496: -300 | L496: 9379-0020-T | M496: -3 | O496: 9326-0059-002-T | P496: -8 | Q496: 9874-0031-T | R496: -1 | S496: 9941-0231-003-T | T496: -9 | U496: 9869-0003-T | V496: -6 | W496: 9941-0213-002-T | X496: -1 | Y496: RAF-0103 | Z496: -21 | AC496: FAC0023 | AD496: -5 | AE496: 9880-0022-018-t | AF496: -8 | AG496: 9733-0001-T | AH496: -1 | AI496: 9489-0062-007-T | AJ496: -2 | AK496: 9669-0005-T | AL496: -1 | AM496: 9326-0045-002-T | AN496: -3
B497: 9941-0239-T | C497: -16 | J497: FST-0138 | K497: -350 | L497: 9384-0003-001-T | M497: -69 | O497: 9326-0060-T | P497: -17 | Q497: 9874-0033-T | R497: -35 | S497: 9941-0239-T | T497: -10 | U497: 9873-0007-T | V497: -4 | W497: 9941-0223 | X497: -17 | Y497: RAF-0104 | Z497: -0.13 | AC497: FAC0120 | AD497: -35 | AE497: 9880-0037-T | AF497: -71 | AG497: 9738-0001-T | AH497: -72 | AI497: 9489-0064-002-T | AJ497: -7 | AK497: 9669-0007-001-T | AL497: -18 | AM497: 9326-0046-002-T | AN497: -16
B498: 9941-0256-T | C498: -8 | J498: FST-0288 | K498: -200 | L498: 9387-0003-t | M498: -16 | O498: 9326-0071-002-T | P498: -4 | Q498: 9874-0037-001-T | R498: -39 | S498: 9941-0259-003-T | T498: -6 | U498: 9874-0031-T | V498: -13 | W498: 9941-0231-003-T | X498: -12 | Y498: RAF-0106 | Z498: -33.275 | AC498: FAC0121 | AD498: -20 | AE498: 9880-0045-T | AF498: -6.84 | AG498: 9739-0001-T | AH498: -52 | AI498: 9489-0066-T | AJ498: -122 | AK498: 9669-0009-001-T | AL498: -2 | AM498: 9326-0047-002-T | AN498: -6
B499: 9941-0259-003-T | C499: -20 | J499: FST-0290 | K499: -800.6664 | L499: 9387-0004-T | M499: -18 | O499: 9330-0002-T | P499: -5 | Q499: 9877-0001 | R499: -6 | S499: 9941-0261-T | T499: -4 | U499: 9874-0041-T | V499: -6 | W499: 9941-0239-T | X499: -6 | Y499: RAF-0112 | Z499: -0.4 | AC499: FAC0123 | AD499: -2 | AE499: 9941-0039-005-T | AF499: -6 | AG499: 9740-0030-T | AH499: -1 | AI499: 9489-0067-002-T | AJ499: -51 | AK499: 9670-0003-001-T | AL499: -8 | AM499: 9326-0146-T | AN499: -6
... B534: RAA-0399 | C534: -26 | J534: RAA-0347 | K534: -6 | L534: 9545-0028-005-T | M534: -12 | O534: 9489-0121-T | P534: -8 | Q534: 9968-0009-001-T | R534: -45 | S534: FAC0044 | T534: -2 | U534: 9968-0033-001-T | V534: -0.1 | W534: FAC0075 | X534: -2 | Y534: WLC6022 | Z534: -5 | AC534: FAC1170 | AD534: -2 | AE534: 9968-0045-001-T | AF534: -18 | AG534: 9941-0136-003-T | AH534: -20 | AI534: 9591-0094-T | AJ534: -2 | AK534: 9757-0096-T | AL534: -3 | AM534: 9473-0015-T | AN534: -2
B535: RAA-0401 | C535: -6.59 | J535: RAA-0379 | K535: -9 | L535: 9545-0034-t | M535: -3 | O535: 9489-0138-T | P535: -6 | Q535: 9968-0019-T | R535: -117.328 | S535: FAC0062 | T535: -1 | U535: 9968-0045-001-T | V535: -28.0009 | W535: FAC0117 | X535: -7 | Y535: (blank) | AC535: FAC1218 | AD535: -2 | AE535: 9968-0045-T | AF535: -92.55 | AG535: 9941-0136-004-T | AH535: -39 | AI535: 9591-0097-T | AJ535: -7 | AK535: 9757-0097-001-T | AL535: -15 | AM535: 9473-0020-T | AN535: -1
B536: RAA-0402 | C536: -9.013 | J536: RAA-0380 | K536: -4 | L536: 9545-0042-T | M536: -4 | O536: 9489-0142-001-T | P536: -16 | Q536: 9968-0020-001-T | R536: -306 | S536: FAC0065 | T536: -11 | U536: 9968-0045-t | V536: -78.8607 | W536: FAC0120 | X536: -89 | Y536: Grand Total | Z536: -47823.554 | AC536: FAC12569 | AD536: -5 | AE536: AD1039-01 | AF536: -2 | AG536: 9941-0147-001-T | AH536: -1 | AI536: 9591-0098-T | AJ536: -2 | AK536: 9757-0155-T | AL536: -1 | AM536: 9488-0002-001-T | AN536: -6
B537: RAA-0414 | C537: -5 | J537: RAA-0381 | K537: -12 | L537: 9545-0047-T | M537: -8 | O537: 9489-0162-T | P537: -2 | Q537: 9968-0021-001-T | R537: -54 | S537: FAC0067 | T537: -7 | U537: 9968-0049-T | V537: -0.001 | W537: FAC0124 | X537: -6 | AC537: FAC1346 | AD537: -10 | AE537: ESP0001 | AF537: -120 | AG537: 9941-0177-T | AH537: -10 | AI537: 9591-0107-T | AJ537: -8 | AK537: 9758-0007-T | AL537: -6 | AM537: 9489-0026-001-T | AN537: -4
B538: RAA-0416 | C538: -133 | J538: RAA-0398 | K538: -6 | L538: 9560-0011-T | M538: -4 | O538: 9489-0166-T | P538: -3 | Q538: 9968-0045-001-T | R538: -43 | S538: FAC0069 | T538: -6 | U538: 9968-0051-T | V538: -19.971 | W538: FAC0125 | X538: -91 | AC538: FAC1366 | AD538: -50 | AE538: FAC0007 | AF538: -12 | AG538: 9941-0186-T | AH538: -55 | AI538: 9591-0108-T | AJ538: -4 | AK538: 9758-0015-T | AL538: -6 | AM538: 9489-0029-T | AN538: -2
B539: RAA-0417 | C539: -1 | J539: RAA-0399 | K539: -10.1002 | L539: 9560-0015-T | M539: -4 | O539: 9492-0023-T | P539: -1 | Q539: 9968-0045-T | R539: -136.8 | S539: FAC0070 | T539: -12 | U539: CUSDECAL | V539: -12 | W539: FAC0134 | X539: -3 | AC539: FAC1370 | AD539: -4 | AE539: FAC0008 | AF539: -21.55 | AG539: 9941-0195-001-T | AH539: -3 | AI539: 9591-0109-T | AJ539: -7 | AK539: 9869-0003-T | AL539: -25 | AM539: 9489-0032-T | AN539: -4
B540: RAE-0109 | C540: -441.454 | J540: RAA-0401 | K540: -7.52 | L540: 9560-0026-001-T | M540: -26 | O540: 9500-0001-003-T | P540: -2 | Q540: ESP0001 | R540: -50 | S540: FAC0075 | T540: -1.5 | U540: ESP0001 | V540: -83 | W540: FAC0143 | X540: -7 | AC540: FAC1374 | AD540: -2 | AE540: FAC0013 | AF540: -5 | AG540: 9941-0195-002-T | AH540: -1 | AI540: 9591-0110-T | AJ540: -10 | AK540: 9873-0007-T | AL540: -7 | AM540: 9489-0033-001-T | AN540: -4
B541: RAF-0101 | C541: -120.272 | J541: RAA-0402 | K541: -6.04 | L541: 9560-0026-006-T | M541: -12 | O541: 9500-0002-001-T | P541: -1 | Q541: FAC0007 | R541: -12 | S541: FAC0117 | T541: -19.738 | U541: FAC0007 | V541: -14 | W541: FAC0148 | X541: -2 | AC541: FAC1375 | AD541: -2 | AE541: FAC0014 | AF541: -27.5 | AG541: 9941-0195-003-T | AH541: -1 | AI541: 9591-0112-T | AJ541: -9 | AK541: 9874-0031-T | AL541: -165 | AM541: 9489-0064-002-T | AN541: -10
B542: RAF-0102 | C542: -725.296 | J542: RAA-0413 | K542: -1 | L542: 9561-0003-T | M542: -4 | O542: 9500-0013-001-T | P542: -4 | Q542: FAC0008 | R542: -38 | S542: FAC0120 | T542: -99 | U542: FAC0008 | V542: -12.8871 | W542: FAC0167 | X542: -6 | AC542: FAC1377 | AD542: -2 | AE542: FAC0015 | AF542: -10 | AG542: 9941-0196-T | AH542: -2 | AI542: 9591-0113-T | AJ542: -9 | AK542: 9874-0036-T | AL542: -1 | AM542: 9489-0066-T | AN542: -167
B543: RAF-0103 | C543: -90.05 | J543: RAA-0425 | K543: -4 | L543: 9562-0007-T | M543: -3 | O543: 9500-0024-001-t | P543: -1 | Q543: FAC0012 | R543: -12 | S543: FAC0123 | T543: -2 | U543: FAC0011 | V543: -2 | W543: FAC0168 | X543: -70 | AC543: FAC1378 | AD543: -2 | AE543: FAC0017 | AF543: -24 | AG543: 9941-0223 | AH543: -40 | AI543: 9594-0012-002-T | AJ543: -1 | AK543: 9874-0037-001-T | AL543: -12 | AM543: 9489-0067-002-T | AN543: -40
B544: RAF-0104 | C544: -10.2 | J544: RAA-0427 | K544: -73 | L544: 9562-0014-T | M544: -305 | O544: 9542-0001-t | P544: -4 | Q544: FAC0017 | R544: -24.9996 | S544: FAC0124 | T544: -5 | U544: FAC0012 | V544: -42 | W544: FAC0173 | X544: -3 | AC544: FST-0138 | AD544: -200 | AE544: FAC0018 | AF544: -10 | AG544: 9941-0226-T | AH544: -7 | AI544: 9596-0003-100-T | AJ544: -161 | AK544: 9874-0042-T | AL544: -8 | AM544: 9489-0068-002-T | AN544: -17
B545: RAF-0106 | C545: -92.205 | J545: RAE-0109 | K545: -210 | L545: 9562-0060-T | M545: -64 | O545: 9543-0008-T | P545: -40 | Q545: FAC0018 | R545: -54 | S545: FAC0125 | T545: -158 | U545: FAC0014 | V545: -44.1112 | W545: FAC0192 | X545: -500 | AC545: FST-0207 | AD545: -12 | AE545: FAC0023 | AF545: -21 | AG545: 9941-0231-003-T | AH545: -16 | AI545: 9596-0003-135-T | AJ545: -165 | AK545: 9880-0020-T | AL545: -8 | AM545: 9489-0069-002-T | AN545: -18
B546: RAF-0117 | C546: -30.5 | J546: RAE-0117 | K546: -6 | L546: 9574-0015-T | M546: -4 | O546: 9543-0012-T | P546: -12 | Q546: FAC0023 | R546: -33 | S546: FAC0129 | T546: -17 | U546: FAC0017 | V546: -8 | W546: FAC0226 | X546: -4 | AC546: FST-0234 | AD546: -200 | AE546: FAC0026 | AF546: -50 | AG546: 9941-0231-T | AH546: -3 | AI546: 9596-0006-T | AJ546: -1 | AK546: 9880-0022-018-T | AL546: -30 | AM546: 9489-0073-002-T | AN546: -16
B547: RAF-0120 | C547: -76 | J547: RAF-0102 | K547: -396 | L547: 9577-0026-T | M547: -3 | O547: 9545-0028-005-T | P547: -1 | Q547: FAC0042 | R547: -15 | S547: FAC0143 | T547: -24 | U547: FAC0018 | V547: -22 | W547: FAC0231 | X547: -2 | AC547: FST-0291 | AD547: -2200 | AE547: FAC0042 | AF547: -71 | AG547: 9941-0239-T | AH547: -20 | AI547: 9598-0002-T | AJ547: -6 | AK547: 9880-0022-026-T | AL547: -44 | AM547: 9489-0080-T | AN547: -2
B548: RAF-0142 | C548: -135.5 | J548: RAF-0103 | K548: -28 | L548: 9577-0027-T | M548: -3 | O548: 9545-0042-T | P548: -9 | Q548: FAC0044 | R548: -3 | S548: FAC0148 | T548: -2 | U548: FAC0023 | V548: -32.4284 | W548: FAC0304 | X548: -41 | AC548: FST-0293 | AD548: -250 | AE548: FAC0044 | AF548: -1 | AG548: 9941-0259-003-T | AH548: -12 | AI548: 9599-0023-001-T | AJ548: -9 | AK548: 9880-0022-033-T | AL548: -100 | AM548: 9489-0121-T | AN548: -8
... B579: RSF-0168 | C579: -1.6 | J579: WLC6012 | K579: -15 | L579: 9669-0008-001-T | M579: -2 | O579: 9667-0002-005-T | P579: -20 | Q579: FAC0508 | R579: -100.0241 | S579: FAC0731 | T579: -1 | U579: FAC0465 | V579: -8183 | W579: FAC0756 | X579: -6 | AC579: RAA-0380 | AD579: -11 | AE579: FAC0565 | AF579: -8 | AG579: FAC0038 | AH579: -8 | AI579: 9740-0034-T | AJ579: -5 | AK579: 9965-0038-T | AL579: -384 | AM579: 9591-0040-T | AN579: -1
B580: RSF-0169 | C580: -1 | J580: (blank) | L580: 9669-0008-002-T | M580: -8 | O580: 9669-0005 | P580: -6 | Q580: FAC0516 | R580: -15 | S580: FAC-0736 | T580: -119 | U580: FAC0506 | V580: -5 | W580: FAC0772 | X580: -20 | AC580: RAA-0381 | AD580: -25 | AE580: FAC0584 | AF580: -1 | AG580: FAC0042 | AH580: -59 | AI580: 9740-0043-T | AJ580: -38 | AK580: 9966-0030-T | AL580: -1 | AM580: 9591-0043-t | AN580: -9
B581: RSH-0115 | C581: -245 | J581: Grand Total | K581: -38549.629 | L581: 9669-0009-001-T | M581: -4 | O581: 9669-0007-001-T | P581: -63 | Q581: FAC0536 | R581: -1 | S581: FAC0741 | T581: -86 | U581: FAC0508 | V581: -452.7587 | W581: FAC0773 | X581: -20 | AC581: RAA-0382 | AD581: -9 | AE581: FAC0625 | AF581: -121 | AG581: FAC0065 | AH581: -4 | AI581: 9740-0044-T | AJ581: -10 | AK581: 9966-0034-T | AL581: -34 | AM581: 9591-0062-T | AN581: -3
B582: RSH-0135 | C582: -3.82 | L582: 9670-0003-001-T | M582: -6 | O582: 9669-0007-002-T | P582: -13 | Q582: FAC0537 | R582: -8 | S582: FAC0743 | T582: -18.6 | U582: FAC0516 | V582: -20 | W582: FAC0774 | X582: -20 | AC582: RAA-0398 | AD582: -0.3 | AE582: FAC0631 | AF582: -2.75 | AG582: FAC0067 | AH582: -14 | AI582: 9745-0003-T | AJ582: -1 | AK582: 9966-0035-001-T | AL582: -117 | AM582: 9591-0068-T | AN582: -7
B583: RSH-0139 | C583: -37.3 | L583: 9670-0013-T | M583: -2 | O583: 9669-0009-001-T | P583: -22 | Q583: FAC0541 | R583: -5 | S583: FAC0749 | T583: -12 | U583: FAC0537 | V583: -1 | W583: FAC0785 | X583: -20 | AC583: RAA-0401 | AD583: -2.9 | AE583: FAC0642 | AF583: -728.55 | AG583: FAC0069 | AH583: -8 | AI583: 9745-0011-T | AJ583: -24 | AK583: 9968-0019-T | AL583: -192 | AM583: 9591-0097-T | AN583: -5
B584: RSJ-0101 | C584: -28.3 | L584: 9670-0016-T | M584: -4 | O584: 9670-0003-001-T | P584: -15 | Q584: FAC0548 | R584: -1000 | S584: FAC0755 | T584: -3 | U584: FAC0541 | V584: -30 | W584: FAC0789 | X584: -59 | AC584: RAA-0402 | AD584: -1 | AE584: FAC0643 | AF584: -1 | AG584: FAC0070 | AH584: -14 | AI584: 9745-0018-002-T | AJ584: -1 | AK584: 9968-0020-001-T | AL584: -483.615 | AM584: 9591-0098-T | AN584: -2
B585: RSJ-0102 | C585: -22.52 | L585: 9670-0021-1250-T | M585: -3 | O585: 9670-0009-T | P585: -4 | Q585: FAC0565 | R585: -8 | S585: FAC0756 | T585: -16 | U585: FAC0553 | V585: -5 | W585: FAC0790 | X585: -5 | AC585: RAA-0425 | AD585: -5 | AE585: FAC0666 | AF585: -8 | AG585: FAC0071 | AH585: -4 | AI585: 9745-0043-T | AJ585: -2 | AK585: 9968-0021-001-T | AL585: -112.605 | AM585: 9591-0112-T | AN585: -8
B586: RSJ-0106 | C586: -0.46 | L586: 9671-0016-001-T | M586: -10 | O586: 9671-0016-001-T | P586: -14 | Q586: FAC0592 | R586: -22.75 | S586: FAC0763 | T586: -30 | U586: FAC0565 | V586: -22 | W586: FAC0869 | X586: -2 | AC586: RAE-0109 | AD586: -103.024 | AE586: FAC0682 | AF586: -5 | AG586: FAC0072 | AH586: -3 | AI586: 9755-0002-T | AJ586: -3 | AK586: 9968-0023-T | AL586: -3 | AM586: 9591-0113-T | AN586: -8
B587: RSJ-0109 | C587: -1.5 | L587: 9671-0017-T | M587: -226 | O587: 9671-0017-T | P587: -121 | Q587: FAC0604 | R587: -1 | S587: FAC0772 | T587: -12 | U587: FAC0572 | V587: -23.5 | W587: FAC1092 | X587: -5 | AC587: RAF-0101 | AD587: -10.8 | AE587: FAC0705 | AF587: -17 | AG587: FAC0085 | AH587: -2 | AI587: 9757-0094-001-T | AJ587: -6 | AK587: 9968-0045-T | AL587: -180.308 | AM587: 9591-0114-T | AN587: -2
B588: RSJ-0113 | C588: -1.51 | L588: 9671-0018-T | M588: -16 | O588: 9671-0018-T | P588: -28 | Q588: FAC0625 | R588: -148 | S588: FAC0773 | T588: -12 | U588: FAC0604 | V588: -3 | W588: FAC1099 | X588: -2 | AC588: RAF-0102 | AD588: -199 | AE588: FAC0712 | AF588: -9 | AG588: FAC0090 | AH588: -2 | AI588: 9757-0094-T | AJ588: -15 | AK588: AD1040-01 | AL588: -3 | AM588: 9591-0115-T | AN588: -4
B589: RSJ-0121 | C589: -1.98 | L589: 9671-0019-T | M589: -77 | O589: 9671-0019-T | P589: -60 | Q589: FAC0631 | R589: -5 | S589: FAC0774 | T589: -12 | U589: FAC0608 | V589: -5 | W589: FAC1130 | X589: -0.07 | AC589: RAF-0103 | AD589: -3.4 | AE589: FAC0731 | AF589: -2 | AG589: FAC0091 | AH589: -2 | AI589: 9757-0096-T | AJ589: -7 | AK589: CUSDECAL | AL589: -10 | AM589: 9591-0116-T | AN589: -8.4
B590: RSJ-0129 | C590: -5.37 | L590: 9671-0021-001-T | M590: -14 | O590: 9671-0020-T | P590: -6 | Q590: FAC0643 | R590: -1 | S590: FAC0776 | T590: -3 | U590: FAC0625 | V590: -84 | W590: FAC1131 | X590: -5 | AC590: RAF-0104 | AD590: -12 | AE590: FAC-0736 | AF590: -35 | AG590: FAC0092 | AH590: -1 | AI590: 9757-0138-T | AJ590: -1 | AK590: ESP0001 | AL590: -36 | AM590: 9591-0117-T | AN590: -8.4
B591: RSK-0101 | C591: -7.17 | L591: 9671-0021-T | M591: -26 | O591: 9671-0021-001-T | P591: -16 | Q591: FAC0666 | R591: -1.7396 | S591: FAC0785 | T591: -8 | U591: FAC0631 | V591: -14.1112 | W591: FAC1170 | X591: -2 | AC591: RAF-0106 | AD591: -14 | AE591: FAC0741 | AF591: -150.15 | AG591: FAC0117 | AH591: -7 | AI591: 9757-0151-T | AJ591: -7 | AK591: FAC0007 | AL591: -20 | AM591: 9591-0118-T | AN591: -2.2
B592: rsk-0102 | C592: -30 | L592: 9672-0004-T | M592: -4 | O592: 9671-0021-T | P592: -110 | Q592: FAC0687 | R592: -4 | S592: FAC0786 | T592: -1.071 | U592: FAC0642 | V592: -300 | W592: FAC12574 | X592: -44 | AC592: RAF-0109 | AD592: -1.5 | AE592: FAC0742 | AF592: -18 | AG592: FAC0120 | AH592: -93 | AI592: 9757-0156-T | AJ592: -1 | AK592: FAC0008 | AL592: -53 | AM592: 9595-0005-T | AN592: -1
B593: rsk-0110 | C593: -0.24 | L593: 9674-0010-003-T | M593: -12 | O593: 9672-0003-T | P593: -4 | Q593: FAC0692 | R593: -6 | S593: FAC0789 | T593: -15 | U593: FAC0643 | V593: -1.5 | W593: FAC1297 | X593: -3 | AC593: RAF-0112 | AD593: -2.2 | AE593: FAC0743 | AF593: -26.75 | AG593: FAC0121 | AH593: -60 | AI593: 9758-0007-T | AJ593: -8 | AK593: FAC0012 | AL593: -21 | AM593: 9595-0013-T | AN593: -31
... B595: SUNDRY-SERVICE | C595: -6 | L595: 9678-0003-T | M595: -4 | O595: 9674-0010-003-T | P595: -20 | Q595: FAC0712 | R595: -5 | S595: FAC0799 | T595: -20 | U595: FAC0659 | V595: -22 | W595: FAC1369 | X595: -15 | AC595: RAF-0120 | AD595: -13.8 | AE595: FAC0755 | AF595: -10 | AG595: FAC0125 | AH595: -160 | AI595: 9758-0015-T | AJ595: -7 | AK595: FAC0016 | AL595: -3 | AM595: 9599-0023-001-t | AN595: -3
B596: (blank) | L596: 9678-0005-t | M596: -178 | O596: 9675-0015-T | P596: -1 | Q596: FAC0724 | R596: -250 | S596: FAC0803 | T596: -1.6673 | U596: FAC0666 | V596: -2.5 | W596: FST-0114 | X596: -700 | AC596: RAF-0142 | AD596: -25.5 | AE596: FAC0756 | AF596: -5 | AG596: FAC0129 | AH596: -9 | AI596: 9758-0022-T | AJ596: -1 | AK596: FAC0018 | AL596: -10 | AM596: 9601-0006-T | AN596: -2
B597: Grand Total | C597: -58322.914 | L597: 9680-0001-T | M597: -8 | O597: 9678-0003-T | P597: -10 | Q597: FAC-0736 | R597: -67.7484 | S597: FAC0821 | T597: -12 | U597: FAC0682 | V597: -5 | W597: FST-0124 | X597: -93 | AC597: RAF-0150 | AD597: -13.1 | AE597: FAC0759 | AF597: -1 | AG597: FAC0168 | AH597: -40 | AI597: 9869-0003-T | AJ597: -28 | AK597: FAC0042 | AL597: -60 | AM597: 9601-0024-001-T | AN597: -2
L598: 9726-0027-002-T | M598: -10 | O598: 9678-0005-T | P598: -66 | Q598: FAC0741 | R598: -38 | S598: FAC1092 | T598: -10 | U598: FAC0692 | V598: -6 | W598: FST-0138 | X598: -540 | AC598: RAH-0100 | AD598: -3.18 | AE598: FAC0785 | AF598: -6 | AG598: FAC0169 | AH598: -36 | AI598: 9873-0007-T | AJ598: -7 | AK598: FAC0070 | AL598: -3 | AM598: 9601-0027-T | AN598: -1
L599: 9727-0001-001-T | M599: -3 | O599: 9681-0001-T | P599: -4 | Q599: FAC0742 | R599: -6 | S599: FAC1130 | T599: -0.3 | U599: FAC0705 | V599: -34 | W599: FST-0174 | X599: -100 | AC599: RAJ-0102 | AD599: -16.3 | AE599: FAC0789 | AF599: -60 | AG599: FAC0231 | AH599: -1 | AI599: 9874-0030-T | AJ599: -13 | AK599: FAC0117 | AL599: -3 | AM599: 9667-0002-002-T | AN599: -5
L600: 9728-0004-002-T | M600: -15 | O600: 9726-0027-002-T | P600: -10 | Q600: FAC0743 | R600: -21.9998 | S600: FAC1131 | T600: -17 | U600: FAC0712 | V600: -8 | W600: FST-0234 | X600: -550 | AC600: RAJ-0105 | AD600: -65 | AE600: FAC0790 | AF600: -10 | AG600: FAC0304 | AH600: -36 | AI600: 9874-0031-T | AJ600: -52 | AK600: FAC0121 | AL600: -20 | AM600: 9667-0002-004-T | AN600: -3
L601: 9728-0020-001-t | M601: -13 | O601: 9728-0004-002-T | P601: -17 | Q601: FAC0749 | R601: -56 | S601: FAC1161 | T601: -1 | U601: FAC0732 | V601: -10 | W601: FST-0286 | X601: -829 | AC601: RAJ-0106 | AD601: -264 | AE601: FAC0803 | AF601: -1 | AG601: FAC0333 | AH601: -6 | AI601: 9874-0037-001-T | AJ601: -8 | AK601: FAC0123 | AL601: -12 | AM601: 9667-0002-005-T | AN601: -9
L602: 9728-0038-001-T | M602: -4 | O602: 9728-0006 | P602: -3 | Q602: FAC0755 | R602: -10 | S602: FAC1170 | T602: -2 | U602: FAC-0736 | V602: -88 | W602: FST-0288 | X602: -200 | AC602: RAJ-0113 | AD602: -51 | AE602: FAC0869 | AF602: -2 | AG602: FAC0334 | AH602: -30 | AI602: 9880-0020-T | AJ602: -18 | AK602: FAC0125 | AL602: -118 | AM602: 9669-0007-001-T | AN602: -9
L603: 9728-0055-T | M603: -3 | O603: 9728-0045-T | P603: -20 | Q603: FAC0756 | R603: -14 | S603: FAC1279 | T603: -1 | U603: FAC0741 | V603: -24 | W603: FST-0290 | X603: -1530 | AC603: RAL-0101 | AD603: -59 | AE603: FAC1092 | AF603: -4 | AG603: FAC0355 | AH603: -3 | AI603: 9880-0022-007-T | AJ603: -20 | AK603: FAC0128 | AL603: -10 | AM603: 9669-0007-002-T | AN603: -5
L604: 9728-0060-T | M604: -4 | O604: 9728-0055-T | P604: -4 | Q604: FAC0772 | R604: -8 | S604: FAC1297 | T604: -5 | U604: FAC0742 | V604: -8 | W604: FST-0291 | X604: -3657 | AC604: RRA-0100 | AD604: -2 | AE604: FAC12569 | AF604: -13.96 | AG604: FAC0383 | AH604: -1 | AI604: 9880-0022-008-T | AJ604: -20 | AK604: FAC0129 | AL604: -10 | AM604: 9669-0012-T | AN604: -5
L605: 9733-0001-T | M605: -10 | O605: 9733-0001-T | P605: -3 | Q605: FAC0773 | R605: -8 | S605: FAC1323 | T605: -1 | U605: FAC0743 | V605: -25 | W605: FST-0292 | X605: -150 | AC605: RSA-0120 | AD605: -1 | AE605: FAC12572 | AF605: -1 | AG605: FAC0398 | AH605: -400 | AI605: 9880-0022-018-T | AJ605: -33 | AK605: FAC0143 | AL605: -3 | AM605: 9669-0019-T | AN605: -2
L606: 9733-0002-001-T | M606: -4 | O606: 9739-0001-T | P606: -40 | Q606: FAC0774 | R606: -8 | S606: FST-0114 | T606: -600 | U606: FAC0749 | V606: -72 | W606: FST-0293 | X606: -50 | AC606: RSA-0161 | AD606: -1.908 | AE606: FAC1370 | AF606: -2 | AG606: FAC0440 | AH606: -3 | AI606: 9880-0022-026-T | AJ606: -20 | AK606: FAC0148 | AL606: -1 | AM606: 9670-0003-001-T | AN606: -5
L607: 9738-0001-T | M607: -24 | O607: 9740-0002-T | P607: -6 | Q607: FAC0776 | R607: -1 | S607: FST-0124 | T607: -400 | U607: FAC0755 | V607: -2 | W607: FST-0295 | X607: -116 | AC607: RSA-0176 | AD607: -0.2 | AE607: FAC1374 | AF607: -2 | AG607: FAC0460 | AH607: -2 | AI607: 9880-0022-033-T | AJ607: -40 | AK607: FAC0164 | AL607: -9 | AM607: 9671-0005-T | AN607: -4
L608: 9739-0001-t | M608: -60 | O608: 9740-0032-001-T | P608: -3 | Q608: FAC0785 | R608: -13.9 | S608: FST-0138 | T608: -200.3332 | U608: FAC0763 | V608: -3.25 | W608: FST-0297 | X608: -1030 | AC608: RSA-0202 | AD608: -0.09 | AE608: FAC1375 | AF608: -4 | AG608: FAC0465 | AH608: -3966 | AI608: 9880-0037-T | AJ608: -80.5 | AK608: FAC0168 | AL608: -50 | AM608: 9671-0006-T | AN608: -20
L609: 9740-0002-T | M609: -3 | O609: 9745-0003-T | P609: -8 | Q609: FAC0789 | R609: -58 | S609: FST-0173 | T609: -100 | U609: FAC0776 | V609: -2 | W609: FST-0298 | X609: -1850 | AC609: RSA-0345 | AD609: -0.005 | AE609: FAC1386 | AF609: -6.26 | AG609: FAC0508 | AH609: -350 | AI609: 9880-0046-005-t | AJ609: -20 | AK609: FAC0169 | AL609: -10 | AM609: 9671-0009-T | AN609: -4
... L631: 9874-0037-001-T | M631: -22 | O631: 9880-0022-018-T | P631: -120 | Q631: FST-0300 | R631: -1340 | S631: FST-0310 | T631: -1239.5461 | U631: FST-0207 | V631: -61 | W631: FST-0541 | X631: -300 | AC631: WLC6022 | AD631: -7 | AE631: FST-0325 | AF631: -14 | AG631: FAC0772 | AH631: -20 | AI631: 9941-0269-T | AJ631: -1 | AK631: FAC0666 | AL631: -2 | AM631: 9738-0001-T | AN631: -50
L632: 9877-0001 | M632: -3 | O632: 9880-0037-T | P632: -102 | Q632: FST-0301 | R632: -1550 | S632: FST-0311 | T632: -2421 | U632: FST-0234 | V632: -275.04 | W632: FST-0545 | X632: -150 | AC632: (blank) | AE632: FST-0332 | AF632: -642.9 | AG632: FAC0773 | AH632: -20 | AI632: 9941-0271-T | AJ632: -1 | AK632: FAC0692 | AL632: -1 | AM632: 9738-0003-T | AN632: -42
L633: 9880-0012-t | M633: -16 | O633: 9880-0040-T | P633: -80 | Q633: FST-0304 | R633: -4320.3333 | S633: FST-0312 | T633: -1715.3332 | U633: FST-0286 | V633: -2640 | W633: FST-0554 | X633: -60 | AC633: Grand Total | AD633: -36862.542 | AE633: FST-0335 | AF633: -428.55 | AG633: FAC0774 | AH633: -20 | AI633: 9941-0277-T | AJ633: -21 | AK633: FAC0705 | AL633: -10 | AM633: 9739-0001-T | AN633: -28
L634: 9880-0019-T | M634: -16 | O634: 9880-0044-030-T | P634: -39 | Q634: FST-0305 | R634: -8080 | S634: FST-0314 | T634: -555.5556 | U634: FST-0288 | V634: -425.1657 | W634: FST-0555 | X634: -1000 | AE634: FST-0337 | AF634: -786 | AG634: FAC0776 | AH634: -1 | AI634: 9941-0278-T | AJ634: -18 | AK634: FAC-0736 | AL634: -20 | AM634: 9740-0029-T | AN634: -3
L635: 9880-0022-006-T | M635: -30 | O635: 9880-0044-045-T | P635: -3 | Q635: FST-0306 | R635: -240 | S635: FST-0315 | T635: -396.25 | U635: FST-0290 | V635: -4694.4445 | W635: MLC0004 | X635: -10 | AE635: FST-0342 | AF635: -100 | AG635: FAC0785 | AH635: -5 | AI635: 9941-0295-001-T | AJ635: -1 | AK635: FAC0741 | AL635: -8 | AM635: 9740-0034-T | AN635: -3
L636: 9880-0022-007-T | M636: -60 | O636: 9880-0044-064-T | P636: -5 | Q636: FST-0307 | R636: -632 | S636: FST-0318 | T636: -520 | U636: FST-0291 | V636: -6345.4445 | W636: RAA-0103 | X636: -5 | AE636: FST-0356 | AF636: -1000 | AG636: FAC0789 | AH636: -197 | AI636: 9942-0021-T | AJ636: -20 | AK636: FAC0743 | AL636: -10 | AM636: 9740-0043-T | AN636: -2
L637: 9880-0022-008-T | M637: -60 | O637: 9887-0002-T | P637: -5 | Q637: FST-0310 | R637: -640 | S637: FST-0325 | T637: -288.75 | U637: FST-0292 | V637: -150 | W637: RAA-0147 | X637: -11.08 | AE637: FST-0367 | AF637: -100 | AG637: FAC0790 | AH637: -1 | AI637: 9942-0022-T | AJ637: -9 | AK637: FAC0776 | AL637: -1 | AM637: 9740-0044-T | AN637: -7
L638: 9880-0022-018-T | M638: -87 | O638: 9888-0011-T | P638: -1 | Q638: FST-0311 | R638: -1260 | S638: FST-0332 | T638: -1190 | U638: FST-0293 | V638: -870 | W638: RAA-0158 | X638: -3.965 | AE638: FST-0377 | AF638: -20 | AG638: FAC0821 | AH638: -2 | AI638: 9965-0004-T | AJ638: -7 | AK638: FAC0789 | AL638: -65 | AM638: 9745-0011-T | AN638: -16
L639: 9880-0022-026-T | M639: -30 | O639: 9888-0012-T | P639: -2 | Q639: FST-0312 | R639: -295 | S639: FST-0335 | T639: -605 | U639: FST-0295 | V639: -960 | W639: RAA-0180 | X639: -15.5 | AE639: FST-0379 | AF639: -350 | AG639: FAC0869 | AH639: -8 | AI639: 9965-0009-T | AJ639: -3132 | AK639: FAC0790 | AL639: -2 | AM639: 9752-0015-T | AN639: -3
L640: 9880-0037-T | M640: -54 | O640: 9935-0016-T | P640: -36 | Q640: FST-0314 | R640: -93 | S640: FST-0337 | T640: -1955 | U640: FST-0297 | V640: -1900 | W640: RAA-0226 | X640: -0.076 | AE640: FST-0390 | AF640: -500 | AG640: FAC1092 | AH640: -2 | AI640: 9965-0038-001-T | AJ640: -120 | AK640: FAC0803 | AL640: -2 | AM640: 9756-0001-051-T | AN640: -10
L641: 9880-0049-001-T | M641: -60 | O641: 9941-0039-005-T | P641: -1 | Q641: FST-0315 | R641: -215 | S641: FST-0367 | T641: -187 | U641: FST-0298 | V641: -2838.5 | W641: RAA-0227 | X641: -1.2 | AE641: FST-0453 | AF641: -385 | AG641: FAC1099 | AH641: -6 | AI641: 9965-0038-T | AJ641: -310 | AK641: FAC1092 | AL641: -12 | AM641: 9757-0036-100-T | AN641: -1
L642: 9935-0009-001-T | M642: -4 | O642: 9941-0065-003-T | P642: -4 | Q642: FST-0325 | R642: -320 | S642: FST-0379 | T642: -1060 | U642: FST-0300 | V642: -1160 | W642: RAA-0319 | X642: -3 | AE642: FST-0541 | AF642: -200 | AG642: FAC1131 | AH642: -5 | AI642: 9966-0034-T | AJ642: -2 | AK642: FAC1170 | AL642: -2 | AM642: 9757-0036-T | AN642: -1
L643: 9935-0016-T | M643: -36 | O643: 9941-0071-T | P643: -29 | Q643: FST-0332 | R643: -500 | S643: FST-0383 | T643: -287.6936 | U643: FST-0301 | V643: -894 | W643: RAA-0320 | X643: -17.22 | AE643: FST-0545 | AF643: -120 | AG643: FAC1170 | AH643: -2 | AI643: 9966-0035-001-T | AJ643: -156 | AK643: FAC1297 | AL643: -5 | AM643: 9757-0094-001-T | AN643: -6
L644: 9941-0039-005-T | M644: -3 | O644: 9941-0084-t | P644: -1 | Q644: FST-0335 | R644: -510 | S644: FST-0390 | T644: -500 | U644: FST-0304 | V644: -4400.5 | W644: RAA-0321 | X644: -19 | AE644: FST-0548 | AF644: -1000 | AG644: FAC1218 | AH644: -2 | AI644: 9968-0019-T | AJ644: -159.5 | AK644: FAC1346 | AL644: -1 | AM644: 9757-0096-T | AN644: -2
...

Sheet Fore
A1: Item | B1: Item Description | C1: 45658 | D1: 45689 | E1: 45717 | F1: 45748 | G1: 45778 | H1: 45809 | I1: 45839 | J1: 45870 | K1: 45901 | L1: 45931 | M1: 45962 | N1: 45992 | O1: 46023 | P1: 46054 | Q1: 46082 | R1: 46113 | S1: 46143 | T1: 46174 | U1: Total | V1: Avg. usage n18 | W1: Dairy Uage | X1: Total% | Y1: Cum% | Z1: cv% | AA1: Group | AB1: Group | AC1: Match
A2: FST-0305 | B2: M10 WASHER SS | C2: 0 | D2: 0 | E2: 0 | F2: 3000 | G2: 4430 | H2: 4821 | I2: 8080 | J2: 12241 | K2: 7900 | L2: 2224 | M2: 3836 | N2: 150 | O2: 1200 | P2: 4014 | Q2: 5677 | R2: 3489 | S2: 9050 | T2: 3450 | U2: =SUM(C2:T2) -> 73562 | V2: =AVERAGE(C2:T2) -> 4904.1333 | W2: =V2/30 -> 163.47111 | X2: =U2/SUM($U$2:$U$410) -> 0.11114376 | Y2: =X2 -> 0.11114376 | Z2: =_xlfn.STDEV.P(C2:T2)/AVERAGE(C2:T2) -> 0.6319878 | AA2: =IF(Y2<=0.7,"A",IF(Y2<=0.9,"B","C")) -> A | AB2: =IF(Z2<=0.5,"X",IF(Z2<=1,"Y","Z")) -> Y | AC2: =AA2&AB2 -> AY
A3: FAC0465 | B3: CABLE TIE REMOVE SIZ11-12" W4.5-4.8mm BK | C3: 0 | D3: 0 | E3: 0 | F3: 4300 | G3: 1005 | H3: 3200 | I3: 7800 | J3: 7894 | K3: 8183 | L3: 4000 | M3: 3738 | N3: 200 | O3: 1900 | P3: 3885.75 | Q3: 3966 | R3: 3204.999 | S3: 5798.333 | T3: 1100.667 | U3: =SUM(C3:T3) -> 60175.749 | V3: =AVERAGE(C3:T3) -> 4011.7166 | W3: =V3/30 -> 133.72389 | X3: =U3/SUM($U$2:$U$410) -> 0.090918665 | Y3: =X3+Y2 -> 0.20206242 | Z3: =_xlfn.STDEV.P(C3:T3)/AVERAGE(C3:T3) -> 0.60377427 | AA3: =IF(Y3<=0.7,"A",IF(Y3<=0.9,"B","C")) -> A | AB3: =IF(Z3<=0.5,"X",IF(Z3<=1,"Y","Z")) -> Y | AC3: =AA3&AB3 -> AY
A4: FST-0298 | B4: M8 FLAT WASHER SS | C4: 0 | D4: 0 | E4: 0 | F4: 1580 | G4: 700 | H4: 2473.3336 | I4: 3777.5 | J4: 4183.5 | K4: 2838.5 | L4: 1850 | M4: 2758 | N4: 392 | O4: 1000 | P4: 3933 | Q4: 5067 | R4: 4510 | S4: 9100 | T4: 1678 | U4: =SUM(C4:T4) -> 45840.834 | V4: =AVERAGE(C4:T4) -> 3056.0556 | W4: =V4/30 -> 101.86852 | X4: =U4/SUM($U$2:$U$410) -> 0.06926025 | Y4: =X4+Y3 -> 0.27132267 | Z4: =_xlfn.STDEV.P(C4:T4)/AVERAGE(C4:T4) -> 0.69737562 | AA4: =IF(Y4<=0.7,"A",IF(Y4<=0.9,"B","C")) -> A | AB4: =IF(Z4<=0.5,"X",IF(Z4<=1,"Y","Z")) -> Y | AC4: =AA4&AB4 -> AY
A5: 9965-0009-T | B5: FLAT WASHER M16 CLASS10 ZINC PLATED | C5: 2862 | D5: 3150 | E5: 3200.0008 | F5: 656 | G5: 1183 | H5: 2149.0001 | I5: 3138.9999 | J5: 6278 | K5: 3600 | L5: 4162 | M5: 3100 | N5: 100 | O5: 1500 | P5: 800 | Q5: 2015 | R5: 3132 | S5: 2732 | T5: 1945 | U5: =SUM(C5:T5) -> 45703.001 | V5: =AVERAGE(C5:T5) -> 2539.0556 | W5: =V5/30 -> 84.635187 | X5: =U5/SUM($U$2:$U$410) -> 0.069052 | Y5: =X5+Y4 -> 0.34037467 | Z5: =_xlfn.STDEV.P(C5:T5)/AVERAGE(C5:T5) -> 0.55647686 | AA5: =IF(Y5<=0.7,"A",IF(Y5<=0.9,"B","C")) -> A | AB5: =IF(Z5<=0.5,"X",IF(Z5<=1,"Y","Z")) -> Y | AC5: =AA5&AB5 -> AY
A6: FST-0291 | B6: M6 WASHER SS | C6: 0 | D6: 0 | E6: 0 | F6: 1400 | G6: 3046 | H6: 1080 | I6: 6007 | J6: 6513 | K6: 6345.4445 | L6: 3657 | M6: 2000 | N6: 0 | O6: 2200 | P6: 2416 | Q6: 3200 | R6: 3000 | S6: 2192 | T6: 200 | U6: =SUM(C6:T6) -> 43256.444 | V6: =AVERAGE(C6:T6) -> 3089.746 | W6: =V6/30 -> 102.99153 | X6: =U6/SUM($U$2:$U$410) -> 0.065355534 | Y6: =X6+Y5 -> 0.40573021 | Z6: =_xlfn.STDEV.P(C6:T6)/AVERAGE(C6:T6) -> 0.6095389 | AA6: =IF(Y6<=0.7,"A",IF(Y6<=0.9,"B","C")) -> A | AB6: =IF(Z6<=0.5,"X",IF(Z6<=1,"Y","Z")) -> Y | AC6: =AA6&AB6 -> AY
A7: FST-0304 | B7: M10-1.5 HH LOCK NUT SS | C7: 0 | D7: 0 | E7: 0 | F7: 950 | G7: 2950 | H7: 2126 | I7: 4320.3333 | J7: 5769 | K7: 4400.5 | L7: 4337 | M7: 3200 | N7: 0 | O7: 50 | P7: 2085.79 | Q7: 1235 | R7: 2499 | S7: 3169 | T7: 1550 | U7: =SUM(C7:T7) -> 38641.623 | V7: =AVERAGE(C7:T7) -> 2760.1159 | W7: =V7/30 -> 92.003865 | X7: =U7/SUM($U$2:$U$410) -> 0.058383068 | Y7: =X7+Y6 -> 0.46411327 | Z7: =_xlfn.STDEV.P(C7:T7)/AVERAGE(C7:T7) -> 0.55115107 | AA7: =IF(Y7<=0.7,"A",IF(Y7<=0.9,"B","C")) -> A | AB7: =IF(Z7<=0.5,"X",IF(Z7<=1,"Y","Z")) -> Y | AC7: =AA7&AB7 -> AY
A8: FST-0290 | B8: M6 x1.00 LOCKNUT SS | C8: 0 | D8: 0 | E8: 0 | F8: 800.6664 | G8: 1000 | H8: 1000 | I8: 2200.3336 | J8: 5488 | K8: 4694.4445 | L8: 1530 | M8: 339 | N8: 0 | O8: 0 | P8: 1220 | Q8: 1500 | R8: 2280 | S8: 428.571 | T8: 1099.429 | U8: =SUM(C8:T8) -> 23580.445 | V8: =AVERAGE(C8:T8) -> 1813.8803 | W8: =V8/30 -> 60.462678 | X8: =U8/SUM($U$2:$U$410) -> 0.035627351 | Y8: =X8+Y7 -> 0.49974063 | Z8: =_xlfn.STDEV.P(C8:T8)/AVERAGE(C8:T8) -> 0.83261158 | AA8: =IF(Y8<=0.7,"A",IF(Y8<=0.9,"B","C")) -> A | AB8: =IF(Z8<=0.5,"X",IF(Z8<=1,"Y","Z")) -> Y | AC8: =AA8&AB8 -> AY
A9: FST-0297 | B9: M8-1.25 LOCKNUT SS | C9: 0 | D9: 0 | E9: 0 | F9: 800 | G9: 66.6668 | H9: 1853.3334 | I9: 2120.9998 | J9: 2600 | K9: 1900 | L9: 1030 | M9: 917 | N9: 150 | O9: 400 | P9: 2500 | Q9: 1100 | R9: 2733 | S9: 4136 | T9: 50 | U9: =SUM(C9:T9) -> 22357 | V9: =AVERAGE(C9:T9) -> 1490.4667 | W9: =V9/30 -> 49.682222 | X9: =U9/SUM($U$2:$U$410) -> 0.033778867 | Y9: =X9+Y8 -> 0.53351949 | Z9: =_xlfn.STDEV.P(C9:T9)/AVERAGE(C9:T9) -> 0.76983066 | AA9: =IF(Y9<=0.7,"A",IF(Y9<=0.9,"B","C")) -> A | AB9: =IF(Z9<=0.5,"X",IF(Z9<=1,"Y","Z")) -> Y | AC9: =AA9&AB9 -> AY
A10: FST-0311 | B10: M12 WASHER SS | C10: 0 | D10: 0 | E10: 0 | F10: 1100 | G10: 1500.0002 | H10: 1689.9998 | I10: 1260 | J10: 2421 | K10: 1532 | L10: 3266 | M10: 318 | N10: 0 | O10: 1116 | P10: 1957.15 | Q10: 772 | R10: 2228 | S10: 2150 | T10: 0 | U10: =SUM(C10:T10) -> 21310.15 | V10: =AVERAGE(C10:T10) -> 1639.2423 | W10: =V10/30 -> 54.64141 | X10: =U10/SUM($U$2:$U$410) -> 0.032197196 | Y10: =X10+Y9 -> 0.56571669 | Z10: =_xlfn.STDEV.P(C10:T10)/AVERAGE(C10:T10) -> 0.45417521 | AA10: =IF(Y10<=0.7,"A",IF(Y10<=0.9,"B","C")) -> A | AB10: =IF(Z10<=0.5,"X",IF(Z10<=1,"Y","Z")) -> X | AC10: =AA10&AB10 -> AX
A11: 9562-0014-T | B11: M16x2.0 DIN 980 Class 10 Zinc Lock Nut | C11: 3400 | D11: 300 | E11: 1868 | F11: 24 | G11: 305 | H11: 880 | I11: 1690.0001 | J11: 927.9999 | K11: 1500 | L11: 1700 | M11: 200 | N11: 100 | O11: 500 | P11: 43 | Q11: 260 | R11: 1367 | S11: 1750 | T11: 450 | U11: =SUM(C11:T11) -> 17265 | V11: =AVERAGE(C11:T11) -> 959.16667 | W11: =V11/30 -> 31.972222 | X11: =U11/SUM($U$2:$U$410) -> 0.026085438 | Y11: =X11+Y10 -> 0.59180213 | Z11: =_xlfn.STDEV.P(C11:T11)/AVERAGE(C11:T11) -> 0.91312968 | AA11: =IF(Y11<=0.7,"A",IF(Y11<=0.9,"B","C")) -> A | AB11: =IF(Z11<=0.5,"X",IF(Z11<=1,"Y","Z")) -> Y | AC11: =AA11&AB11 -> AY
A12: FST-0301 | B12: M10-1.5 HH Bolt x 40 Lg. SS | C12: 0 | D12: 0 | E12: 0 | F12: 529.9994 | G12: 800 | H12: 860 | I12: 1550 | J12: 1059 | K12: 894 | L12: 661 | M12: 655 | N12: 80 | O12: 340 | P12: 1420 | Q12: 650 | R12: 2090 | S12: 1600 | T12: 240 | U12: =SUM(C12:T12) -> 13428.999 | V12: =AVERAGE(C12:T12) -> 895.26663 | W12: =V12/30 -> 29.842221 | X12: =U12/SUM($U$2:$U$410) -> 0.02028968 | Y12: =X12+Y11 -> 0.61209181 | Z12: =_xlfn.STDEV.P(C12:T12)/AVERAGE(C12:T12) -> 0.60315347 | AA12: =IF(Y12<=0.7,"A",IF(Y12<=0.9,"B","C")) -> A | AB12: =IF(Z12<=0.5,"X",IF(Z12<=1,"Y","Z")) -> Y | AC12: =AA12&AB12 -> AY
A13: FST-0310 | B13: M12-1.75 LOCKNUT SS | C13: 0 | D13: 0 | E13: 0 | F13: 700 | G13: 200 | H13: 874 | I13: 640 | J13: 1239.5461 | K13: 1200.4539 | L13: 1706 | M13: 596 | N13: 0 | O13: 300 | P13: 1607.72 | Q13: 650 | R13: 1240 | S13: 1175 | T13: 39 | U13: =SUM(C13:T13) -> 12167.72 | V13: =AVERAGE(C13:T13) -> 869.12286 | W13: =V13/30 -> 28.970762 | X13: =U13/SUM($U$2:$U$410) -> 0.018384031 | Y13: =X13+Y12 -> 0.63047584 | Z13: =_xlfn.STDEV.P(C13:T13)/AVERAGE(C13:T13) -> 0.5660514 | AA13: =IF(Y13<=0.7,"A",IF(Y13<=0.9,"B","C")) -> A | AB13: =IF(Z13<=0.5,"X",IF(Z13<=1,"Y","Z")) -> Y | AC13: =AA13&AB13 -> AY
A14: FST-0356 | B14: M4 WASHER SS304 | C14: 0 | D14: 0 | E14: 0 | F14: 0 | G14: 0 | H14: 900.0003 | I14: 2233.3351 | J14: 0 | K14: 2366.6646 | L14: 1000 | M14: 0 | N14: 0 | O14: 0 | P14: 1000 | Q14: 1000 | R14: 1000 | S14: 1142 | T14: 0 | U14: =SUM(C14:T14) -> 10642 | V14: =AVERAGE(C14:T14) -> 1182.4444 | W14: =V14/30 -> 39.414815 | X14: =U14/SUM($U$2:$U$410) -> 0.016078843 | Y14: =X14+Y13 -> 0.64655468 | Z14: =_xlfn.STDEV.P(C14:T14)/AVERAGE(C14:T14) -> 0.57216209 | AA14: =IF(Y14<=0.7,"A",IF(Y14<=0.9,"B","C")) -> A | AB14: =IF(Z14<=0.5,"X",IF(Z14<=1,"Y","Z")) -> Y | AC14: =AA14&AB14 -> AY
A15: FST-0312 | B15: M10-1.5 NUT SS | C15: 0 | D15: 0 | E15: 0 | F15: 0 | G15: 315 | H15: 460 | I15: 295 | J15: 1715.3332 | K15: 800 | L15: 3386 | M15: 1473 | N15: 0 | O15: 100 | P15: 0 | Q15: 350 | R15: 900 | S15: 49.9991 | T15: 168.0009 | U15: =SUM(C15:T15) -> 10012.333 | V15: =AVERAGE(C15:T15) -> 834.3611 | W15: =V15/30 -> 27.812037 | X15: =U15/SUM($U$2:$U$410) -> 0.015127489 | Y15: =X15+Y14 -> 0.66168217 | Z15: =_xlfn.STDEV.P(C15:T15)/AVERAGE(C15:T15) -> 1.106837 | AA15: =IF(Y15<=0.7,"A",IF(Y15<=0.9,"B","C")) -> A | AB15: =IF(Z15<=0.5,"X",IF(Z15<=1,"Y","Z")) -> Z | AC15: =AA15&AB15 -> AZ
A16: FST-0337 | B16: M10 - 1.5 HH BOLT x 30mmLG SS | C16: 0 | D16: 0 | E16: 0 | F16: 397 | G16: 938 | H16: 425 | I16: 449 | J16: 1955 | K16: 1724 | L16: 10 | M16: 466 | N16: 133 | O16: 50 | P16: 786 | Q16: 390 | R16: 480 | S16: 1160 | T16: 510 | U16: =SUM(C16:T16) -> 9873 | V16: =AVERAGE(C16:T16) -> 658.2 | W16: =V16/30 -> 21.94 | X16: =U16/SUM($U$2:$U$410) -> 0.014916972 | Y16: =X16+Y15 -> 0.67659914 | Z16: =_xlfn.STDEV.P(C16:T16)/AVERAGE(C16:T16) -> 0.83758158 | AA16: =IF(Y16<=0.7,"A",IF(Y16<=0.9,"B","C")) -> A | AB16: =IF(Z16<=0.5,"X",IF(Z16<=1,"Y","Z")) -> Y | AC16: =AA16&AB16 -> AY
A17: FST-0286 | B17: M6-1.00 HH Bolt x 25 Lg. SS | C17: 0 | D17: 0 | E17: 0 | F17: 0 | G17: 100 | H17: 0 | I17: 2200 | J17: 1104 | K17: 2640 | L17: 829 | M17: 200 | N17: 0 | O17: 0 | P17: 800 | Q17: 400 | R17: 800 | S17: 0 | T17: 0 | U17: =SUM(C17:T17) -> 9073 | V17: =AVERAGE(C17:T17) -> 1008.1111 | W17: =V17/30 -> 33.603704 | X17: =U17/SUM($U$2:$U$410) -> 0.013708264 | Y17: =X17+Y16 -> 0.69030741 | Z17: =_xlfn.STDEV.P(C17:T17)/AVERAGE(C17:T17) -> 0.81390393 | AA17: =IF(Y17<=0.7,"A",IF(Y17<=0.9,"B","C")) -> A | AB17: =IF(Z17<=0.5,"X",IF(Z17<=1,"Y","Z")) -> Y | AC17: =AA17&AB17 -> AY
A18: FST-0300 | B18: M10-1.5 HH Bolt x 35 Lg. SS | C18: 0 | D18: 0 | E18: 0 | F18: 101 | G18: 115 | H18: 540 | I18: 1340 | J18: 1471 | K18: 1160 | L18: 400 | M18: 591 | N18: 0 | O18: 0 | P18: 900 | Q18: 262 | R18: 1060 | S18: 300 | T18: 706 | U18: =SUM(C18:T18) -> 8946 | V18: =AVERAGE(C18:T18) -> 688.15385 | W18: =V18/30 -> 22.938462 | X18: =U18/SUM($U$2:$U$410) -> 0.013516382 | Y18: =X18+Y17 -> 0.70382379 | Z18: =_xlfn.STDEV.P(C18:T18)/AVERAGE(C18:T18) -> 0.64533492 | AA18: =IF(Y18<=0.7,"A",IF(Y18<=0.9,"B","C")) -> B | AB18: =IF(Z18<=0.5,"X",IF(Z18<=1,"Y","Z")) -> Y | AC18: =AA18&AB18 -> BY
A19: FST-0379 | B19: M16x2.0 LOCK NUT PLATED GRADE 8.8 | C19: 0 | D19: 0 | E19: 0 | F19: 398 | G19: 200 | H19: 500.0002 | I19: 1001.9998 | J19: 1060 | K19: 999.9984 | L19: 1410 | M19: 855 | N19: 0 | O19: 550 | P19: 350 | Q19: 300 | R19: 24 | S19: 0 | T19: 1111 | U19: =SUM(C19:T19) -> 8759.9984 | V19: =AVERAGE(C19:T19) -> 673.84603 | W19: =V19/30 -> 22.461534 | X19: =U19/SUM($U$2:$U$410) -> 0.013235354 | Y19: =X19+Y18 -> 0.71705914 | Z19: =_xlfn.STDEV.P(C19:T19)/AVERAGE(C19:T19) -> 0.60240867 | AA19: =IF(Y19<=0.7,"A",IF(Y19<=0.9,"B","C")) -> B | AB19: =IF(Z19<=0.5,"X",IF(Z19<=1,"Y","Z")) -> Y | AC19: =AA19&AB19 -> BY
A20: FST-0293 | B20: M8-1.25 HH Bolt x 25 Lg. SS | C20: 0 | D20: 0 | E20: 0 | F20: 0 | G20: 1000 | H20: 0 | I20: 840 | J20: 1487 | K20: 870 | L20: 50 | M20: 400 | N20: 50 | O20: 250 | P20: 750 | Q20: 750 | R20: 1000 | S20: 850 | T20: 228 | U20: =SUM(C20:T20) -> 8525 | V20: =AVERAGE(C20:T20) -> 655.76923 | W20: =V20/30 -> 21.858974 | X20: =U20/SUM($U$2:$U$410) -> 0.012880299 | Y20: =X20+Y19 -> 0.72993944 | Z20: =_xlfn.STDEV.P(C20:T20)/AVERAGE(C20:T20) -> 0.62877472 | AA20: =IF(Y20<=0.7,"A",IF(Y20<=0.9,"B","C")) -> B | AB20: =IF(Z20<=0.5,"X",IF(Z20<=1,"Y","Z")) -> Y | AC20: =AA20&AB20 -> BY
A21: FST-0295 | B21: M8-1.25 HH Bolt x 30 Lg. SS | C21: 0 | D21: 0 | E21: 0 | F21: 1000 | G21: 733 | H21: 720 | I21: 300 | J21: 1559 | K21: 960 | L21: 116 | M21: 300 | N21: 100 | O21: 80 | P21: 1004 | Q21: 300 | R21: 0 | S21: 1000 | T21: 230 | U21: =SUM(C21:T21) -> 8402 | V21: =AVERAGE(C21:T21) -> 600.14286 | W21: =V21/30 -> 20.004762 | X21: =U21/SUM($U$2:$U$410) -> 0.01269446 | Y21: =X21+Y20 -> 0.7426339 | Z21: =_xlfn.STDEV.P(C21:T21)/AVERAGE(C21:T21) -> 0.73528474 | AA21: =IF(Y21<=0.7,"A",IF(Y21<=0.9,"B","C")) -> B | AB21: =IF(Z21<=0.5,"X",IF(Z21<=1,"Y","Z")) -> Y | AC21: =AA21&AB21 -> BY
A22: 047-2127-003 | B22: 5/8 HUCK BOLT 0.75-1GP (C50LR-BR20-12GA) | C22: 944 | D22: 1080 | E22: 463 | F22: 0 | G22: 330 | H22: 0 | I22: 440 | J22: 231 | K22: 550 | L22: 0 | M22: 200 | N22: 42 | O22: 110 | P22: 220 | Q22: 330 | R22: 570 | S22: 630 | T22: 0 | U22: =SUM(C22:T22) -> 6140 | V22: =AVERAGE(C22:T22) -> 438.57143 | W22: =V22/30 -> 14.619048 | X22: =U22/SUM($U$2:$U$410) -> 0.0092768369 | Y22: =X22+Y21 -> 0.75191074 | Z22: =_xlfn.STDEV.P(C22:T22)/AVERAGE(C22:T22) -> 0.65926963 | AA22: =IF(Y22<=0.7,"A",IF(Y22<=0.9,"B","C")) -> B | AB22: =IF(Z22<=0.5,"X",IF(Z22<=1,"Y","Z")) -> Y | AC22: =AA22&AB22 -> BY
A23: FAC0548 | B23: BLIND RIVET SS DIA3.2X9.6mm. No.4-4 | C23: 0 | D23: 0 | E23: 0 | F23: 0 | G23: 1000 | H23: 0 | I23: 1000 | J23: 0 | K23: 0 | L23: 1000 | M23: 0 | N23: 0 | O23: 500 | P23: 1222.22 | Q23: 0 | R23: 1000 | S23: 0 | T23: 0 | U23: =SUM(C23:T23) -> 5722.22 | V23: =AVERAGE(C23:T23) -> 817.46 | W23: =V23/30 -> 27.248667 | X23: =U23/SUM($U$2:$U$410) -> 0.0086456191 | Y23: =X23+Y22 -> 0.76055636 | Z23: =_xlfn.STDEV.P(C23:T23)/AVERAGE(C23:T23) -> 0.47740914 | AA23: =IF(Y23<=0.7,"A",IF(Y23<=0.9,"B","C")) -> B | AB23: =IF(Z23<=0.5,"X",IF(Z23<=1,"Y","Z")) -> X | AC23: =AA23&AB23 -> BX
A24: FST-0475 | B24: SELF DRILLING SCREW 1" SUS#8X1" JP | C24: 0 | D24: 0 | E24: 0 | F24: 0 | G24: 0 | H24: 0 | I24: 1667 | J24: 0 | K24: 0 | L24: 1000 | M24: 0 | N24: 0 | O24: 0 | P24: 0 | Q24: 1000 | R24: 0 | S24: 1000 | T24: 1000 | U24: =SUM(C24:T24) -> 5667 | V24: =AVERAGE(C24:T24) -> 944.5 | W24: =V24/30 -> 31.483333 | X24: =U24/SUM($U$2:$U$410) -> 0.008562188 | Y24: =X24+Y23 -> 0.76911855 | Z24: =_xlfn.STDEV.P(C24:T24)/AVERAGE(C24:T24) -> 0.51623116 | AA24: =IF(Y24<=0.7,"A",IF(Y24<=0.9,"B","C")) -> B | AB24: =IF(Z24<=0.5,"X",IF(Z24<=1,"Y","Z")) -> Y | AC24: =AA24&AB24 -> BY
A25: FAC0642 | B25: CABLE TIE SIZE 14 1/2" xWide7.6 mm BLACK | C25: 0 | D25: 0 | E25: 0 | F25: 0 | G25: 600 | H25: 100 | I25: 0 | J25: 470 | K25: 300 | L25: 600 | M25: 330 | N25: 0 | O25: 100 | P25: 728.55 | Q25: 600 | R25: 300 | S25: 880 | T25: 100 | U25: =SUM(C25:T25) -> 5108.55 | V25: =AVERAGE(C25:T25) -> 425.7125 | W25: =V25/30 -> 14.190417 | X25: =U25/SUM($U$2:$U$410) -> 0.007718434 | Y25: =X25+Y24 -> 0.77683698 | Z25: =_xlfn.STDEV.P(C25:T25)/AVERAGE(C25:T25) -> 0.58733359 | AA25: =IF(Y25<=0.7,"A",IF(Y25<=0.9,"B","C")) -> B | AB25: =IF(Z25<=0.5,"X",IF(Z25<=1,"Y","Z")) -> Y | AC25: =AA25&AB25 -> BY
A26: FST-0390 | B26: NUT STUD SS. SIZE 1/2" - 13 NC | C26: 0 | D26: 0 | E26: 0 | F26: 0 | G26: 500 | H26: 260 | I26: 0 | J26: 500 | K26: 500 | L26: 0 | M26: 0 | N26: 128 | O26: 500 | P26: 500 | Q26: 500 | R26: 0 | S26: 500 | T26: 1111 | U26: =SUM(C26:T26) -> 4999 | V26: =AVERAGE(C26:T26) -> 454.45455 | W26: =V26/30 -> 15.148485 | X26: =U26/SUM($U$2:$U$410) -> 0.0075529165 | Y26: =X26+Y25 -> 0.7843899 | Z26: =_xlfn.STDEV.P(C26:T26)/AVERAGE(C26:T26) -> 0.59211011 | AA26: =IF(Y26<=0.7,"A",IF(Y26<=0.9,"B","C")) -> B | AB26: =IF(Z26<=0.5,"X",IF(Z26<=1,"Y","Z")) -> Y | AC26: =AA26&AB26 -> BY
A27: FST-0367 | B27: 1/2" SPRING WASHER SS304 | C27: 0 | D27: 0 | E27: 0 | F27: 0 | G27: 500 | H27: 500 | I27: 0 | J27: 187 | K27: 500 | L27: 0 | M27: 0 | N27: 0 | O27: 600 | P27: 100 | Q27: 500 | R27: 1000 | S27: 0 | T27: 1111 | U27: =SUM(C27:T27) -> 4998 | V27: =AVERAGE(C27:T27) -> 499.8 | W27: =V27/30 -> 16.66 | X27: =U27/SUM($U$2:$U$410) -> 0.0075514056 | Y27: =X27+Y26 -> 0.7919413 | Z27: =_xlfn.STDEV.P(C27:T27)/AVERAGE(C27:T27) -> 0.67592993 | AA27: =IF(Y27<=0.7,"A",IF(Y27<=0.9,"B","C")) -> B | AB27: =IF(Z27<=0.5,"X",IF(Z27<=1,"Y","Z")) -> Y | AC27: =AA27&AB27 -> BY
A28: FST-0332 | B28: M10-1.5 BOTTON HEAD SOCKET x 30mm LG. SS | C28: 0 | D28: 0 | E28: 0 | F28: 200 | G28: 300 | H28: 200 | I28: 500 | J28: 1190 | K28: 600 | L28: 0 | M28: 300 | N28: 0 | O28: 0 | P28: 642.9 | Q28: 0 | R28: 700 | S28: 160 | T28: 200 | U28: =SUM(C28:T28) -> 4992.9 | V28: =AVERAGE(C28:T28) -> 453.9 | W28: =V28/30 -> 15.13 | X28: =U28/SUM($U$2:$U$410) -> 0.0075437001 | Y28: =X28+Y27 -> 0.799485 | Z28: =_xlfn.STDEV.P(C28:T28)/AVERAGE(C28:T28) -> 0.66051884 | AA28: =IF(Y28<=0.7,"A",IF(Y28<=0.9,"B","C")) -> B | AB28: =IF(Z28<=0.5,"X",IF(Z28<=1,"Y","Z")) -> Y | AC28: =AA28&AB28 -> BY
A29: FAC0380 | B29: SELF DRILLING HEX WASHER NO.14x1" | C29: 0 | D29: 0 | E29: 0 | F29: 444 | G29: 0 | H29: 0 | I29: 900 | J29: 800 | K29: 0 | L29: 700 | M29: 483 | N29: 0 | O29: 0 | P29: 1000 | Q29: 0 | R29: 564 | S29: 0 | T29: 0 | U29: =SUM(C29:T29) -> 4891 | V29: =AVERAGE(C29:T29) -> 698.71429 | W29: =V29/30 -> 23.290476 | X29: =U29/SUM($U$2:$U$410) -> 0.0073897409 | Y29: =X29+Y28 -> 0.80687474 | Z29: =_xlfn.STDEV.P(C29:T29)/AVERAGE(C29:T29) -> 0.28165902 | AA29: =IF(Y29<=0.7,"A",IF(Y29<=0.9,"B","C")) -> B | AB29: =IF(Z29<=0.5,"X",IF(Z29<=1,"Y","Z")) -> X | AC29: =AA29&AB29 -> BX
A30: 9043-0018-055-T | B30: BOLT M16-2.0x55 DIN 931 Class 10.9 Zinc | C30: 425 | D30: 475 | E30: 144.9999 | F30: 0 | G30: 500 | H30: 200 | I30: 365 | J30: 450.0004 | K30: 500.9996 | L30: 1049 | M30: 0 | N30: 0 | O30: 0 | P30: 25 | Q30: 30 | R30: 240 | S30: 205 | T30: 54 | U30: =SUM(C30:T30) -> 4663.9999 | V30: =AVERAGE(C30:T30) -> 310.93333 | W30: =V30/30 -> 10.364444 | X30: =U30/SUM($U$2:$U$410) -> 0.0070467697 | Y30: =X30+Y29 -> 0.81392151 | Z30: =_xlfn.STDEV.P(C30:T30)/AVERAGE(C30:T30) -> 0.85425268 | AA30: =IF(Y30<=0.7,"A",IF(Y30<=0.9,"B","C")) -> B | AB30: =IF(Z30<=0.5,"X",IF(Z30<=1,"Y","Z")) -> Y | AC30: =AA30&AB30 -> BY
A31: 9043-0018-065-T | B31: BOLT M16-2.0x65 DIN 931 Class 10.9 Zinc | C31: 640 | D31: 120 | E31: 300 | F31: 0 | G31: 360 | H31: 400 | I31: 560 | J31: 260.0004 | K31: 770.9996 | L31: 200 | M31: 33.33 | N31: 0 | O31: 0 | P31: 0 | Q31: 230 | R31: 170 | S31: 300 | T31: 42 | U31: =SUM(C31:T31) -> 4386.33 | V31: =AVERAGE(C31:T31) -> 313.30929 | W31: =V31/30 -> 10.443643 | X31: =U31/SUM($U$2:$U$410) -> 0.0066272423 | Y31: =X31+Y30 -> 0.82054875 | Z31: =_xlfn.STDEV.P(C31:T31)/AVERAGE(C31:T31) -> 0.67147768 | AA31: =IF(Y31<=0.7,"A",IF(Y31<=0.9,"B","C")) -> B | AB31: =IF(Z31<=0.5,"X",IF(Z31<=1,"Y","Z")) -> Y | AC31: =AA31&AB31 -> BY
A32: FST-0335 | B32: M12 - 1.75 HH BOLT x 45mmLG SS | C32: 0 | D32: 0 | E32: 0 | F32: 80 | G32: 400 | H32: 300 | I32: 510 | J32: 605 | K32: 900 | L32: 0 | M32: 200 | N32: 0 | O32: 0 | P32: 428.55 | Q32: 350 | R32: 300 | S32: 0 | T32: 200 | U32: =SUM(C32:T32) -> 4273.55 | V32: =AVERAGE(C32:T32) -> 388.50455 | W32: =V32/30 -> 12.950152 | X32: =U32/SUM($U$2:$U$410) -> 0.0064568446 | Y32: =X32+Y31 -> 0.8270056 | Z32: =_xlfn.STDEV.P(C32:T32)/AVERAGE(C32:T32) -> 0.55335592 | AA32: =IF(Y32<=0.7,"A",IF(Y32<=0.9,"B","C")) -> B | AB32: =IF(Z32<=0.5,"X",IF(Z32<=1,"Y","Z")) -> Y | AC32: =AA32&AB32 -> BY
A33: FST-0307 | B33: M12-1.75 HH BOLT 40 LG. A2-70 SS304 | C33: 0 | D33: 0 | E33: 0 | F33: 200.6665 | G33: 100.0002 | H33: 200 | I33: 632 | J33: 518 | K33: 481.9998 | L33: 200 | M33: 50 | N33: 0 | O33: 0 | P33: 308.55 | Q33: 518 | R33: 560 | S33: 160 | T33: 0 | U33: =SUM(C33:T33) -> 3929.2165 | V33: =AVERAGE(C33:T33) -> 327.43471 | W33: =V33/30 -> 10.91449 | X33: =U33/SUM($U$2:$U$410) -> 0.0059365962 | Y33: =X33+Y32 -> 0.8329422 | Z33: =_xlfn.STDEV.P(C33:T33)/AVERAGE(C33:T33) -> 0.5907583 | AA33: =IF(Y33<=0.7,"A",IF(Y33<=0.9,"B","C")) -> B | AB33: =IF(Z33<=0.5,"X",IF(Z33<=1,"Y","Z")) -> Y | AC33: =AA33&AB33 -> BY
A34: FST-0318 | B34: M6-1.00 HH BOLT X 16mmLG. SS | C34: 0 | D34: 0 | E34: 0 | F34: 200 | G34: 600 | H34: 0 | I34: 0 | J34: 520 | K34: 387 | L34: 20 | M34: 400 | N34: 0 | O34: 1200 | P34: 0 | Q34: 0 | R34: 0 | S34: 600 | T34: 0 | U34: =SUM(C34:T34) -> 3927 | V34: =AVERAGE(C34:T34) -> 490.875 | W34: =V34/30 -> 16.3625 | X34: =U34/SUM($U$2:$U$410) -> 0.0059332473 | Y34: =X34+Y33 -> 0.83887544 | Z34: =_xlfn.STDEV.P(C34:T34)/AVERAGE(C34:T34) -> 0.66517188 | AA34: =IF(Y34<=0.7,"A",IF(Y34<=0.9,"B","C")) -> B | AB34: =IF(Z34<=0.5,"X",IF(Z34<=1,"Y","Z")) -> Y | AC34: =AA34&AB34 -> BY
A35: FST-0114 | B35: 3/8-16 NC NYLOCK NUT | C35: 0 | D35: 0 | E35: 0 | F35: 300 | G35: 0 | H35: 400 | I35: 0 | J35: 600 | K35: 398 | L35: 700 | M35: 100 | N35: 0 | O35: 0 | P35: 365 | Q35: 200 | R35: 200 | S35: 400 | T35: 0 | U35: =SUM(C35:T35) -> 3663 | V35: =AVERAGE(C35:T35) -> 366.3 | W35: =V35/30 -> 12.21 | X35: =U35/SUM($U$2:$U$410) -> 0.0055343735 | Y35: =X35+Y34 -> 0.84440982 | Z35: =_xlfn.STDEV.P(C35:T35)/AVERAGE(C35:T35) -> 0.47274954 | AA35: =IF(Y35<=0.7,"A",IF(Y35<=0.9,"B","C")) -> B | AB35: =IF(Z35<=0.5,"X",IF(Z35<=1,"Y","Z")) -> X | AC35: =AA35&AB35 -> BX
A36: FAC0398 | B36: CABLE TIE SIZE 20-21 1/16" x W8-8.8mm BK | C36: 0 | D36: 0 | E36: 0 | F36: 100 | G36: 400 | H36: 200 | I36: 220 | J36: 0 | K36: 600 | L36: 200 | M36: 173 | N36: 0 | O36: 100 | P36: 300 | Q36: 400 | R36: 100 | S36: 500 | T36: 0 | U36: =SUM(C36:T36) -> 3293 | V36: =AVERAGE(C36:T36) -> 274.41667 | W36: =V36/30 -> 9.1472222 | X36: =U36/SUM($U$2:$U$410) -> 0.0049753459 | Y36: =X36+Y35 -> 0.84938516 | Z36: =_xlfn.STDEV.P(C36:T36)/AVERAGE(C36:T36) -> 0.58065376 | AA36: =IF(Y36<=0.7,"A",IF(Y36<=0.9,"B","C")) -> B | AB36: =IF(Z36<=0.5,"X",IF(Z36<=1,"Y","Z")) -> Y | AC36: =AA36&AB36 -> BY
A37: FST-0288 | B37: M6-1.00 HH Bolt x 20 Lg. SS | C37: 0 | D37: 0 | E37: 0 | F37: 200 | G37: 500 | H37: 420 | I37: 320 | J37: 895.8343 | K37: 425.1657 | L37: 200 | M37: 200 | N37: 0 | O37: 0 | P37: 0 | Q37: 42 | R37: 0 | S37: 0 | T37: 0 | U37: =SUM(C37:T37) -> 3203 | V37: =AVERAGE(C37:T37) -> 355.88889 | W37: =V37/30 -> 11.862963 | X37: =U37/SUM($U$2:$U$410) -> 0.0048393662 | Y37: =X37+Y36 -> 0.85422453 | Z37: =_xlfn.STDEV.P(C37:T37)/AVERAGE(C37:T37) -> 0.65826389 | AA37: =IF(Y37<=0.7,"A",IF(Y37<=0.9,"B","C")) -> B | AB37: =IF(Z37<=0.5,"X",IF(Z37<=1,"Y","Z")) -> Y | AC37: =AA37&AB37 -> BY
A38: 9043-0069-045-T | C38: 336 | D38: 196 | E38: 256 | F38: 44 | G38: 100 | H38: 84 | I38: 28 | J38: 116 | K38: 272 | L38: 84 | M38: 84 | N38: 178 | O38: 250 | P38: 168 | Q38: 304 | R38: 140 | S38: 332 | T38: 92 | U38: =SUM(C38:T38) -> 3064 | V38: =AVERAGE(C38:T38) -> 170.22222 | W38: =V38/30 -> 5.6740741 | X38: =U38/SUM($U$2:$U$410) -> 0.0046293531 | Y38: =X38+Y37 -> 0.85885388 | Z38: =_xlfn.STDEV.P(C38:T38)/AVERAGE(C38:T38) -> 0.57045725 | AA38: =IF(Y38<=0.7,"A",IF(Y38<=0.9,"B","C")) -> B | AB38: =IF(Z38<=0.5,"X",IF(Z38<=1,"Y","Z")) -> Y | AC38: =AA38&AB38 -> BY
A39: FST-0552 | B39: M6 JP BOLT x 30 mm LG SS304 | C39: 0 | D39: 0 | E39: 0 | F39: 0 | G39: 0 | H39: 0 | I39: 0 | J39: 0 | K39: 555.5556 | L39: 0 | M39: 0 | N39: 0 | O39: 0 | P39: 0 | Q39: 500 | R39: 0 | S39: 0 | T39: 2000 | U39: =SUM(C39:T39) -> 3055.5556 | V39: =AVERAGE(C39:T39) -> 763.8889 | W39: =V39/30 -> 25.462963 | X39: =U39/SUM($U$2:$U$410) -> 0.0046165946 | Y39: =X39+Y38 -> 0.86347048 | Z39: =_xlfn.STDEV.P(C39:T39)/AVERAGE(C39:T39) -> 0.9762468 | AA39: =IF(Y39<=0.7,"A",IF(Y39<=0.9,"B","C")) -> B | AB39: =IF(Z39<=0.5,"X",IF(Z39<=1,"Y","Z")) -> Y | AC39: =AA39&AB39 -> BY
A40: FST-0294 | B40: M8-1.25 HH Bolt x 20 Lg. SS | C40: 0 | D40: 0 | E40: 0 | F40: 0 | G40: 0 | H40: 0 | I40: 262.5 | J40: 1650 | K40: 0 | L40: 0 | M40: 300 | N40: 0 | O40: 0 | P40: 5 | Q40: 800 | R40: 0 | S40: 0 | T40: 0 | U40: =SUM(C40:T40) -> 3017.5 | V40: =AVERAGE(C40:T40) -> 603.5 | W40: =V40/30 -> 20.116667 | X40: =U40/SUM($U$2:$U$410) -> 0.0045590969 | Y40: =X40+Y39 -> 0.86802957 | Z40: =_xlfn.STDEV.P(C40:T40)/AVERAGE(C40:T40) -> 0.96629435 | AA40: =IF(Y40<=0.7,"A",IF(Y40<=0.9,"B","C")) -> B | AB40: =IF(Z40<=0.5,"X",IF(Z40<=1,"Y","Z")) -> Y | AC40: =AA40&AB40 -> BY
A41: FST-0548 | B41: M6 JP BOLT x 15 SmmLG SS304 | C41: 0 | D41: 0 | E41: 0 | F41: 0 | G41: 0 | H41: 1000 | I41: 0 | J41: 0 | K41: 0 | L41: 0 | M41: 0 | N41: 0 | O41: 1000 | P41: 1000 | Q41: 0 | R41: 0 | S41: 0 | T41: 0 | U41: =SUM(C41:T41) -> 3000 | V41: =AVERAGE(C41:T41) -> 750 | W41: =V41/30 -> 25 | X41: =U41/SUM($U$2:$U$410) -> 0.0045326564 | Y41: =X41+Y40 -> 0.87256223 | Z41: =_xlfn.STDEV.P(C41:T41)/AVERAGE(C41:T41) -> 0.57735027 | AA41: =IF(Y41<=0.7,"A",IF(Y41<=0.9,"B","C")) -> B | AB41: =IF(Z41<=0.5,"X",IF(Z41<=1,"Y","Z")) -> Y | AC41: =AA41&AB41 -> BY
A42: FAC0508 | B42: ALUMINIUM OXIDE NO. 60 | C42: 0 | D42: 0 | E42: 0 | F42: 400 | G42: 200 | H42: 224.9759 | I42: 100.0241 | J42: 425 | K42: 452.7587 | L42: 125 | M42: 125 | N42: 100 | O42: 0 | P42: 0 | Q42: 350 | R42: 0 | S42: 300 | T42: 0 | U42: =SUM(C42:T42) -> 2802.7587 | V42: =AVERAGE(C42:T42) -> 254.79625 | W42: =V42/30 -> 8.4932082 | X42: =U42/SUM($U$2:$U$410) -> 0.0042346474 | Y42: =X42+Y41 -> 0.87679688 | Z42: =_xlfn.STDEV.P(C42:T42)/AVERAGE(C42:T42) -> 0.51014576 | AA42: =IF(Y42<=0.7,"A",IF(Y42<=0.9,"B","C")) -> B | AB42: =IF(Z42<=0.5,"X",IF(Z42<=1,"Y","Z")) -> Y | AC42: =AA42&AB42 -> BY
A43: 9965-0038-T | B43: FLAT WASHER M14 CLASS10 ZINC PLATED | C43: 0 | D43: 0 | E43: 416 | F43: 64 | G43: 128 | H43: 96 | I43: 32 | J43: 160 | K43: 320 | L43: 96 | M43: 96 | N43: 32 | O43: 0 | P43: 192 | Q43: 412 | R43: 310 | S43: 384 | T43: 64 | U43: =SUM(C43:T43) -> 2802 | V43: =AVERAGE(C43:T43) -> 186.8 | W43: =V43/30 -> 6.2266667 | X43: =U43/SUM($U$2:$U$410) -> 0.0042335011 | Y43: =X43+Y42 -> 0.88103038 | Z43: =_xlfn.STDEV.P(C43:T43)/AVERAGE(C43:T43) -> 0.73411215 | AA43: =IF(Y43<=0.7,"A",IF(Y43<=0.9,"B","C")) -> B | AB43: =IF(Z43<=0.5,"X",IF(Z43<=1,"Y","Z")) -> Y | AC43: =AA43&AB43 -> BY
A44: FST-0381 | B44: M4 LOCK NUT SS304 | C44: 0 | D44: 0 | E44: 0 | F44: 0 | G44: 0 | H44: 0 | I44: 1800 | J44: 0 | K44: 0 | L44: 800 | M44: 0 | N44: 0 | O44: 0 | P44: 0 | Q44: 200 | R44: 0 | S44: 0 | T44: 0 | U44: =SUM(C44:T44) -> 2800 | V44: =AVERAGE(C44:T44) -> 700 | W44: =V44/30 -> 23.333333 | X44: =U44/SUM($U$2:$U$410) -> 0.0042304793 | Y44: =X44+Y43 -> 0.88526086 | Z44: =_xlfn.STDEV.P(C44:T44)/AVERAGE(C44:T44) -> 1 | AA44: =IF(Y44<=0.7,"A",IF(Y44<=0.9,"B","C")) -> B | AB44: =IF(Z44<=0.5,"X",IF(Z44<=1,"Y","Z")) -> Y | AC44: =AA44&AB44 -> BY
A45: FAC0233 | B45: INSULATED TERMINAL"RING TYPE" 5.3 mm#2-5 | C45: 0 | D45: 0 | E45: 0 | F45: 250 | G45: 0 | H45: 0 | I45: 0 | J45: 0 | K45: 0 | L45: 0 | M45: 1750 | N45: 0 | O45: 0 | P45: 194 | Q45: 0 | R45: 0 | S45: 600 | T45: 0 | U45: =SUM(C45:T45) -> 2794 | V45: =AVERAGE(C45:T45) -> 698.5 | W45: =V45/30 -> 23.283333 | X45: =U45/SUM($U$2:$U$410) -> 0.004221414 | Y45: =X45+Y44 -> 0.88948227 | Z45: =_xlfn.STDEV.P(C45:T45)/AVERAGE(C45:T45) -> 0.89721271 | AA45: =IF(Y45<=0.7,"A",IF(Y45<=0.9,"B","C")) -> B | AB45: =IF(Z45<=0.5,"X",IF(Z45<=1,"Y","Z")) -> Y | AC45: =AA45&AB45 -> BY
A46: FST-0138 | B46: M16x2.0 HH BOLT x 50mm LG (G 8.8) PLATED | C46: 0 | D46: 0 | E46: 0 | F46: 350 | G46: 50 | H46: 66.6668 | I46: 300 | J46: 200.3332 | K46: 0 | L46: 540 | M46: 800 | N46: 0 | O46: 200 | P46: 0 | Q46: 250 | R46: 0 | S46: 0 | T46: 0 | U46: =SUM(C46:T46) -> 2757 | V46: =AVERAGE(C46:T46) -> 306.33333 | W46: =V46/30 -> 10.211111 | X46: =U46/SUM($U$2:$U$410) -> 0.0041655113 | Y46: =X46+Y45 -> 0.89364778 | Z46: =_xlfn.STDEV.P(C46:T46)/AVERAGE(C46:T46) -> 0.72922939 | AA46: =IF(Y46<=0.7,"A",IF(Y46<=0.9,"B","C")) -> B | AB46: =IF(Z46<=0.5,"X",IF(Z46<=1,"Y","Z")) -> Y | AC46: =AA46&AB46 -> BY
A47: FST-0383 | B47: M16-2.0 HH BOLTx55mm LG G8.8 ZINCPLATE | C47: 0 | D47: 0 | E47: 0 | F47: 0 | G47: 175 | H47: 0 | I47: 325 | J47: 287.6936 | K47: 0 | L47: 886 | M47: 500 | N47: 0 | O47: 0 | P47: 0 | Q47: 83 | R47: 8 | S47: 191 | T47: 0 | U47: =SUM(C47:T47) -> 2455.6936 | V47: =AVERAGE(C47:T47) -> 306.9617 | W47: =V47/30 -> 10.232057 | X47: =U47/SUM($U$2:$U$410) -> 0.0037102718 | Y47: =X47+Y46 -> 0.89735805 | Z47: =_xlfn.STDEV.P(C47:T47)/AVERAGE(C47:T47) -> 0.84923524 | AA47: =IF(Y47<=0.7,"A",IF(Y47<=0.9,"B","C")) -> B | AB47: =IF(Z47<=0.5,"X",IF(Z47<=1,"Y","Z")) -> Y | AC47: =AA47&AB47 -> BY
A48: FST-0453 | B48: M12 X 1.75 BOLT 70LG-35TH A2-70 SS304 | C48: 0 | D48: 0 | E48: 0 | F48: 140 | G48: 360 | H48: 200.0004 | I48: 54 | J48: 119 | K48: 0 | L48: 97 | M48: 0 | N48: 0 | O48: 284 | P48: 385 | Q48: 0 | R48: 435 | S48: 250 | T48: 0 | U48: =SUM(C48:T48) -> 2324.0004 | V48: =AVERAGE(C48:T48) -> 211.27276 | W48: =V48/30 -> 7.0424255 | X48: =U48/SUM($U$2:$U$410) -> 0.0035112985 | Y48: =X48+Y47 -> 0.90086935 | Z48: =_xlfn.STDEV.P(C48:T48)/AVERAGE(C48:T48) -> 0.64661899 | AA48: =IF(Y48<=0.7,"A",IF(Y48<=0.9,"B","C")) -> C | AB48: =IF(Z48<=0.5,"X",IF(Z48<=1,"Y","Z")) -> Y | AC48: =AA48&AB48 -> CY
A49: FAC0724 | B49: Self Drilling Screw SUS#8X1-1/4" JP | C49: 0 | D49: 0 | E49: 0 | F49: 0 | G49: 0 | H49: 0 | I49: 250 | J49: 0 | K49: 0 | L49: 0 | M49: 0 | N49: 0 | O49: 0 | P49: 0 | Q49: 1000 | R49: 1000 | S49: 0 | T49: 0 | U49: =SUM(C49:T49) -> 2250 | V49: =AVERAGE(C49:T49) -> 562.5 | W49: =V49/30 -> 18.75 | X49: =U49/SUM($U$2:$U$410) -> 0.0033994923 | Y49: =X49+Y48 -> 0.90426885 | Z49: =_xlfn.STDEV.P(C49:T49)/AVERAGE(C49:T49) -> 0.79349205 | AA49: =IF(Y49<=0.7,"A",IF(Y49<=0.9,"B","C")) -> C | AB49: =IF(Z49<=0.5,"X",IF(Z49<=1,"Y","Z")) -> Y | AC49: =AA49&AB49 -> CY
A50: FST-0314 | B50: STUD SS M12x1.75 x 55 mm LONG | C50: 0 | D50: 0 | E50: 0 | F50: 200 | G50: 0 | H50: 250 | I50: 93 | J50: 555.5556 | K50: 0 | L50: 0 | M50: 0 | N50: 0 | O50: 300 | P50: 0 | Q50: 500 | R50: 300 | S50: 0 | T50: 0 | U50: =SUM(C50:T50) -> 2198.5556 | V50: =AVERAGE(C50:T50) -> 274.81945 | W50: =V50/30 -> 9.1606483 | X50: =U50/SUM($U$2:$U$410) -> 0.0033217657 | Y50: =X50+Y49 -> 0.90759061 | Z50: =_xlfn.STDEV.P(C50:T50)/AVERAGE(C50:T50) -> 0.63754174 | AA50: =IF(Y50<=0.7,"A",IF(Y50<=0.9,"B","C")) -> C | AB50: =IF(Z50<=0.5,"X",IF(Z50<=1,"Y","Z")) -> Y | AC50: =AA50&AB50 -> CY
A51: FAC0125 | B51: CLOTHS SCRAP | C51: 0 | D51: 0 | E51: 0 | F51: 139 | G51: 190 | H51: 125 | I51: 168 | J51: 158 | K51: 177 | L51: 91 | M51: 80 | N51: 0 | O51: 194 | P51: 90 | Q51: 160 | R51: 135 | S51: 118 | T51: 176 | U51: =SUM(C51:T51) -> 2001 | V51: =AVERAGE(C51:T51) -> 142.92857 | W51: =V51/30 -> 4.7642857 | X51: =U51/SUM($U$2:$U$410) -> 0.0030232818 | Y51: =X51+Y50 -> 0.91061389 | Z51: =_xlfn.STDEV.P(C51:T51)/AVERAGE(C51:T51) -> 0.25573782 | AA51: =IF(Y51<=0.7,"A",IF(Y51<=0.9,"B","C")) -> C | AB51: =IF(Z51<=0.5,"X",IF(Z51<=1,"Y","Z")) -> X | AC51: =AA51&AB51 -> CX
A52: FST-0234 | B52: M16-2.0 HH BOLT 45 mm LG GRADE 8.8 | C52: 0 | D52: 0 | E52: 0 | F52: 0 | G52: 0 | H52: 200 | I52: 300 | J52: 50 | K52: 275.04 | L52: 550 | M52: 0 | N52: 0 | O52: 200 | P52: 300 | Q52: 0 | R52: 16 | S52: 66 | T52: 0 | U52: =SUM(C52:T52) -> 1957.04 | V52: =AVERAGE(C52:T52) -> 195.704 | W52: =V52/30 -> 6.5234667 | X52: =U52/SUM($U$2:$U$410) -> 0.0029568633 | Y52: =X52+Y51 -> 0.91357076 | Z52: =_xlfn.STDEV.P(C52:T52)/AVERAGE(C52:T52) -> 0.82749435 | AA52: =IF(Y52<=0.7,"A",IF(Y52<=0.9,"B","C")) -> C | AB52: =IF(Z52<=0.5,"X",IF(Z52<=1,"Y","Z")) -> Y | AC52: =AA52&AB52 -> CY
A53: FST-0325 | B53: M10-1.5 HH BOLT x 45mm LG STLSS | C53: 0 | D53: 0 | E53: 0 | F53: 0 | G53: 70 | H53: 0 | I53: 320 | J53: 288.75 | K53: 210 | L53: 100 | M53: 0 | N53: 0 | O53: 0 | P53: 14 | Q53: 0 | R53: 340 | S53: 600 | T53: 0 | U53: =SUM(C53:T53) -> 1942.75 | V53: =AVERAGE(C53:T53) -> 215.86111 | W53: =V53/30 -> 7.1953704 | X53: =U53/SUM($U$2:$U$410) -> 0.0029352728 | Y53: =X53+Y52 -> 0.91650603 | Z53: =_xlfn.STDEV.P(C53:T53)/AVERAGE(C53:T53) -> 0.84749641 | AA53: =IF(Y53<=0.7,"A",IF(Y53<=0.9,"B","C")) -> C | AB53: =IF(Z53<=0.5,"X",IF(Z53<=1,"Y","Z")) -> Y | AC53: =AA53&AB53 -> CY
A54: FST-0292 | B54: M8-1.25 HH Bolt x 35 Lg. SS | C54: 0 | D54: 0 | E54: 0 | F54: 0 | G54: 200 | H54: 200.0001 | I54: 0 | J54: 600 | K54: 150 | L54: 150 | M54: 73 | N54: 0 | O54: 0 | P54: 146 | Q54: 0 | R54: 130 | S54: 0 | T54: 30 | U54: =SUM(C54:T54) -> 1679.0001 | V54: =AVERAGE(C54:T54) -> 186.55557 | W54: =V54/30 -> 6.2185189 | X54: =U54/SUM($U$2:$U$410) -> 0.0025367769 | Y54: =X54+Y53 -> 0.91904281 | Z54: =_xlfn.STDEV.P(C54:T54)/AVERAGE(C54:T54) -> 0.83083863 | AA54: =IF(Y54<=0.7,"A",IF(Y54<=0.9,"B","C")) -> C | AB54: =IF(Z54<=0.5,"X",IF(Z54<=1,"Y","Z")) -> Y | AC54: =AA54&AB54 -> CY
A55: FAC0625 | B55: GREEN CORP CUT-OFF WHEEL 4" FOR SS | C55: 0 | D55: 0 | E55: 0 | F55: 89 | G55: 196.5002 | H55: 218.4998 | I55: 148 | J55: 37 | K55: 84 | L55: 57 | M55: 35 | N55: 14 | O55: 72 | P55: 121 | Q55: 274 | R55: 73 | S55: 93 | T55: 124 | U55: =SUM(C55:T55) -> 1636 | V55: =AVERAGE(C55:T55) -> 109.06667 | W55: =V55/30 -> 3.6355556 | X55: =U55/SUM($U$2:$U$410) -> 0.0024718086 | Y55: =X55+Y54 -> 0.92151461 | Z55: =_xlfn.STDEV.P(C55:T55)/AVERAGE(C55:T55) -> 0.64874192 | AA55: =IF(Y55<=0.7,"A",IF(Y55<=0.9,"B","C")) -> C | AB55: =IF(Z55<=0.5,"X",IF(Z55<=1,"Y","Z")) -> Y | AC55: =AA55&AB55 -> CY
A56: 9562-0060-T | B56: M14x2.0 DIN 980 Class 10 Zinc Lock Nut | C56: 79 | D56: 144 | E56: 208 | F56: 32 | G56: 64 | H56: 48 | I56: 16 | J56: 112 | K56: 160 | L56: 48 | M56: 48 | N56: 16 | O56: 50 | P56: 96 | Q56: 206 | R56: 80 | S56: 192 | T56: 32 | U56: =SUM(C56:T56) -> 1631 | V56: =AVERAGE(C56:T56) -> 90.611111 | W56: =V56/30 -> 3.0203704 | X56: =U56/SUM($U$2:$U$410) -> 0.0024642542 | Y56: =X56+Y55 -> 0.92397887 | Z56: =_xlfn.STDEV.P(C56:T56)/AVERAGE(C56:T56) -> 0.69596123 | AA56: =IF(Y56<=0.7,"A",IF(Y56<=0.9,"B","C")) -> C | AB56: =IF(Z56<=0.5,"X",IF(Z56<=1,"Y","Z")) -> Y | AC56: =AA56&AB56 -> CY
A57: FAC-0736 | B57: Cut Resistant Gloves HPPE PU Coated XL | C57: 0 | D57: 0 | E57: 0 | F57: 245 | G57: 133.5 | H57: 112.25 | I57: 67.7484 | J57: 119 | K57: 88 | L57: 145.83 | M57: 71 | N57: 0 | O57: 26 | P57: 35 | Q57: 201 | R57: 176 | S57: 20 | T57: 0 | U57: =SUM(C57:T57) -> 1440.3284 | V57: =AVERAGE(C57:T57) -> 110.79449 | W57: =V57/30 -> 3.6931497 | X57: =U57/SUM($U$2:$U$410) -> 0.0021761713 | Y57: =X57+Y56 -> 0.92615504 | Z57: =_xlfn.STDEV.P(C57:T57)/AVERAGE(C57:T57) -> 0.5994678 | AA57: =IF(Y57<=0.7,"A",IF(Y57<=0.9,"B","C")) -> C | AB57: =IF(Z57<=0.5,"X",IF(Z57<=1,"Y","Z")) -> Y | AC57: =AA57&AB57 -> CY
A58: FST-0541 | B58: M16-2.0 x45 mm. FLAT HEAD(สีเงิน)(G12.9) | C58: 0 | D58: 0 | E58: 0 | F58: 0 | G58: 0 | H58: 250 | I58: 0 | J58: 0 | K58: 0 | L58: 300 | M58: 350 | N58: 0 | O58: 0 | P58: 200 | Q58: 0 | R58: 200 | S58: 0 | T58: 0 | U58: =SUM(C58:T58) -> 1300 | V58: =AVERAGE(C58:T58) -> 260 | W58: =V58/30 -> 8.6666667 | X58: =U58/SUM($U$2:$U$410) -> 0.0019641511 | Y58: =X58+Y57 -> 0.92811919 | Z58: =_xlfn.STDEV.P(C58:T58)/AVERAGE(C58:T58) -> 0.22426738 | AA58: =IF(Y58<=0.7,"A",IF(Y58<=0.9,"B","C")) -> C | AB58: =IF(Z58<=0.5,"X",IF(Z58<=1,"Y","Z")) -> X | AC58: =AA58&AB58 -> CX
A59: FST-0149 | B59: 1/2-13 NC ALL THREAD [4.5"] LG=114mm. SS | C59: 0 | D59: 0 | E59: 0 | F59: 0 | G59: 200 | H59: 250 | I59: 200 | J59: 0 | K59: 0 | L59: 0 | M59: 0 | N59: 0 | O59: 0 | P59: 200 | Q59: 0 | R59: 439 | S59: 0 | T59: 0 | U59: =SUM(C59:T59) -> 1289 | V59: =AVERAGE(C59:T59) -> 214.83333 | W59: =V59/30 -> 7.1611111 | X59: =U59/SUM($U$2:$U$410) -> 0.0019475314 | Y59: =X59+Y58 -> 0.93006672 | Z59: =_xlfn.STDEV.P(C59:T59)/AVERAGE(C59:T59) -> 0.59580111 | AA59: =IF(Y59<=0.7,"A",IF(Y59<=0.9,"B","C")) -> C | AB59: =IF(Z59<=0.5,"X",IF(Z59<=1,"Y","Z")) -> Y | AC59: =AA59&AB59 -> CY
A60: FAC0192 | B60: COPPER CRIMP SLEEVES BF6 CODE IL112003 | C60: 0 | D60: 0 | E60: 0 | F60: 250 | G60: 0 | H60: 0 | I60: 1 | J60: 0 | K60: 0 | L60: 500 | M60: 0 | N60: 0 | O60: 0 | P60: 0 | Q60: 0 | R60: 400 | S60: 0 | T60: 0 | U60: =SUM(C60:T60) -> 1151 | V60: =AVERAGE(C60:T60) -> 230.2 | W60: =V60/30 -> 7.6733333 | X60: =U60/SUM($U$2:$U$410) -> 0.0017390292 | Y60: =X60+Y59 -> 0.93180575 | Z60: =_xlfn.STDEV.P(C60:T60)/AVERAGE(C60:T60) -> 0.88503699 | AA60: =IF(Y60<=0.7,"A",IF(Y60<=0.9,"B","C")) -> C | AB60: =IF(Z60<=0.5,"X",IF(Z60<=1,"Y","Z")) -> Y | AC60: =AA60&AB60 -> CY
A61: FAC0120 | B61: HEAD COVER ELASTIC CLOTH #CREAM,BROWN | C61: 0 | D61: 0 | E61: 0 | F61: 113 | G61: 107 | H61: 69 | I61: 94 | J61: 99 | K61: 86 | L61: 89 | M61: 77 | N61: 23 | O61: 35 | P61: 94 | Q61: 93 | R61: 126 | S61: 0 | T61: 0 | U61: =SUM(C61:T61) -> 1105 | V61: =AVERAGE(C61:T61) -> 85 | W61: =V61/30 -> 2.8333333 | X61: =U61/SUM($U$2:$U$410) -> 0.0016695285 | Y61: =X61+Y60 -> 0.93347528 | Z61: =_xlfn.STDEV.P(C61:T61)/AVERAGE(C61:T61) -> 0.3271415 | AA61: =IF(Y61<=0.7,"A",IF(Y61<=0.9,"B","C")) -> C | AB61: =IF(Z61<=0.5,"X",IF(Z61<=1,"Y","Z")) -> X | AC61: =AA61&AB61 -> CX
A62: FAC0725 | B62: Self Drilling Screw SUS#8X1-1/2" JP | C62: 0 | D62: 0 | E62: 0 | F62: 0 | G62: 0 | H62: 0 | I62: 0 | J62: 0 | K62: 0 | L62: 0 | M62: 0 | N62: 0 | O62: 0 | P62: 0 | Q62: 0 | R62: 1000 | S62: 0 | T62: 0 | U62: =SUM(C62:T62) -> 1000 | V62: =AVERAGE(C62:T62) -> 500 | W62: =V62/30 -> 16.666667 | X62: =U62/SUM($U$2:$U$410) -> 0.0015108855 | Y62: =X62+Y61 -> 0.93498617 | Z62: =_xlfn.STDEV.P(C62:T62)/AVERAGE(C62:T62) -> 1 | AA62: =IF(Y62<=0.7,"A",IF(Y62<=0.9,"B","C")) -> C | AB62: =IF(Z62<=0.5,"X",IF(Z62<=1,"Y","Z")) -> Y | AC62: =AA62&AB62 -> CY
A63: FAC0369 | B63: BLIND RIVET SS DIA.4.8mm=3/16"X13.5mmLG | C63: 0 | D63: 0 | E63: 0 | F63: 0 | G63: 0 | H63: 0 | I63: 0 | J63: 500 | K63: 500 | L63: 0 | M63: 0 | N63: 0 | O63: 0 | P63: 0 | Q63: 0 | R63: 0 | S63: 0 | T63: 0 | U63: =SUM(C63:T63) -> 1000 | V63: =AVERAGE(C63:T63) -> 333.33333 | W63: =V63/30 -> 11.111111 | X63: =U63/SUM($U$2:$U$410) -> 0.0015108855 | Y63: =X63+Y62 -> 0.93649705 | Z63: =_xlfn.STDEV.P(C63:T63)/AVERAGE(C63:T63) -> 0.70710678 | AA63: =IF(Y63<=0.7,"A",IF(Y63<=0.9,"B","C")) -> C | AB63: =IF(Z63<=0.5,"X",IF(Z63<=1,"Y","Z")) -> Y | AC63: =AA63&AB63 -> CY
A64: FST-0555 | B64: M4 JP BOLT x 20 mmLG SS | C64: 0 | D64: 0 | E64: 0 | F64: 0 | G64: 0 | H64: 0 | I64: 0 | J64: 0 | K64: 0 | L64: 1000 | M64: 0 | N64: 0 | O64: 0 | P64: 0 | Q64: 0 | R64: 0 | S64: 0 | T64: 0 | U64: =SUM(C64:T64) -> 1000 | V64: =AVERAGE(C64:T64) -> 500 | W64: =V64/30 -> 16.666667 | X64: =U64/SUM($U$2:$U$410) -> 0.0015108855 | Y64: =X64+Y63 -> 0.93800794 | Z64: =_xlfn.STDEV.P(C64:T64)/AVERAGE(C64:T64) -> 1 | AA64: =IF(Y64<=0.7,"A",IF(Y64<=0.9,"B","C")) -> C | AB64: =IF(Z64<=0.5,"X",IF(Z64<=1,"Y","Z")) -> Y | AC64: =AA64&AB64 -> CY
A65: FAC0789 | B65: 3M#14437ใบเจียรSUS 4"(100x3x16mm) | C65: 0 | D65: 0 | E65: 0 | F65: 27 | G65: 46 | H65: 201.9996 | I65: 58 | J65: 15 | K65: 31 | L65: 59 | M65: 19 | N65: 8 | O65: 21 | P65: 60 | Q65: 197 | R65: 59 | S65: 65 | T65: 73 | U65: =SUM(C65:T65) -> 939.9996 | V65: =AVERAGE(C65:T65) -> 62.66664 | W65: =V65/30 -> 2.088888 | X65: =U65/SUM($U$2:$U$410) -> 0.0014202317 | Y65: =X65+Y64 -> 0.93942817 | Z65: =_xlfn.STDEV.P(C65:T65)/AVERAGE(C65:T65) -> 0.91281862 | AA65: =IF(Y65<=0.7,"A",IF(Y65<=0.9,"B","C")) -> C | AB65: =IF(Z65<=0.5,"X",IF(Z65<=1,"Y","Z")) -> Y | AC65: =AA65&AB65 -> CY
A66: ESP0001 | B66: 153501005 TIP 1.2 MM. (ID. 1.4 mm #17) | C66: 0 | D66: 0 | E66: 0 | F66: 37 | G66: 53 | H66: 110 | I66: 50 | J66: 45 | K66: 83 | L66: 51 | M66: 23 | N66: 0 | O66: 9 | P66: 120 | Q66: 130 | R66: 103 | S66: 36 | T66: 68 | U66: =SUM(C66:T66) -> 918 | V66: =AVERAGE(C66:T66) -> 65.571429 | W66: =V66/30 -> 2.1857143 | X66: =U66/SUM($U$2:$U$410) -> 0.0013869929 | Y66: =X66+Y65 -> 0.94081516 | Z66: =_xlfn.STDEV.P(C66:T66)/AVERAGE(C66:T66) -> 0.55494007 | AA66: =IF(Y66<=0.7,"A",IF(Y66<=0.9,"B","C")) -> C | AB66: =IF(Z66<=0.5,"X",IF(Z66<=1,"Y","Z")) -> Y | AC66: =AA66&AB66 -> CY
A67: FAC0741 | B67: Gloves Uncoated UHMWPE Size L | C67: 0 | D67: 0 | E67: 0 | F67: 41.2222 | G67: 70 | H67: 89 | I67: 38 | J67: 86 | K67: 24 | L67: 99 | M67: 97 | N67: 23 | O67: 0 | P67: 150.15 | Q67: 82 | R67: 64 | S67: 8 | T67: 0 | U67: =SUM(C67:T67) -> 871.3722 | V67: =AVERAGE(C67:T67) -> 67.028631 | W67: =V67/30 -> 2.2342877 | X67: =U67/SUM($U$2:$U$410) -> 0.0013165436 | Y67: =X67+Y66 -> 0.9421317 | Z67: =_xlfn.STDEV.P(C67:T67)/AVERAGE(C67:T67) -> 0.56579443 | AA67: =IF(Y67<=0.7,"A",IF(Y67<=0.9,"B","C")) -> C | AB67: =IF(Z67<=0.5,"X",IF(Z67<=1,"Y","Z")) -> Y | AC67: =AA67&AB67 -> CY
A68: SUNDRY-INV | B68: Modify Shaft PTO for AD1015-01 TO 02 | C68: 19 | D68: 10 | E68: 9 | F68: 6 | G68: 25 | H68: 208 | I68: 138 | J68: 103 | K68: 102 | L68: 0 | M68: 26 | N68: 18 | O68: 5 | P68: 2 | Q68: 152 | R68: 2 | S68: 6 | T68: 15 | U68: =SUM(C68:T68) -> 846 | V68: =AVERAGE(C68:T68) -> 49.764706 | W68: =V68/30 -> 1.6588235 | X68: =U68/SUM($U$2:$U$410) -> 0.0012782091 | Y68: =X68+Y67 -> 0.94340991 | Z68: =_xlfn.STDEV.P(C68:T68)/AVERAGE(C68:T68) -> 1.2598266 | AA68: =IF(Y68<=0.7,"A",IF(Y68<=0.9,"B","C")) -> C | AB68: =IF(Z68<=0.5,"X",IF(Z68<=1,"Y","Z")) -> Z | AC68: =AA68&AB68 -> CZ
A69: SUNDRY-INV | B69: Modify Shaft PTO for AD1010-01 TO 02 | C69: 19 | D69: 10 | E69: 9 | F69: 6 | G69: 25 | H69: 208 | I69: 138 | J69: 103 | K69: 102 | L69: 0 | M69: 26 | N69: 18 | O69: 5 | P69: 2 | Q69: 152 | R69: 2 | S69: 6 | T69: 15 | U69: =SUM(C69:T69) -> 846 | V69: =AVERAGE(C69:T69) -> 49.764706 | W69: =V69/30 -> 1.6588235 | X69: =U69/SUM($U$2:$U$410) -> 0.0012782091 | Y69: =X69+Y68 -> 0.94468812 | Z69: =_xlfn.STDEV.P(C69:T69)/AVERAGE(C69:T69) -> 1.2598266 | AA69: =IF(Y69<=0.7,"A",IF(Y69<=0.9,"B","C")) -> C | AB69: =IF(Z69<=0.5,"X",IF(Z69<=1,"Y","Z")) -> Z | AC69: =AA69&AB69 -> CZ
A70: SUNDRY-INV | B70: Modify Shaft PTO for AD1011-01 TO 02 | C70: 19 | D70: 10 | E70: 9 | F70: 6 | G70: 25 | H70: 208 | I70: 138 | J70: 103 | K70: 102 | L70: 0 | M70: 26 | N70: 18 | O70: 5 | P70: 2 | Q70: 152 | R70: 2 | S70: 6 | T70: 15 | U70: =SUM(C70:T70) -> 846 | V70: =AVERAGE(C70:T70) -> 49.764706 | W70: =V70/30 -> 1.6588235 | X70: =U70/SUM($U$2:$U$410) -> 0.0012782091 | Y70: =X70+Y69 -> 0.94596633 | Z70: =_xlfn.STDEV.P(C70:T70)/AVERAGE(C70:T70) -> 1.2598266 | AA70: =IF(Y70<=0.7,"A",IF(Y70<=0.9,"B","C")) -> C | AB70: =IF(Z70<=0.5,"X",IF(Z70<=1,"Y","Z")) -> Z | AC70: =AA70&AB70 -> CZ
A71: SUNDRY-INV | B71: SUNDRY FOR PLASTIC PALLETS 100*120 cm. | C71: 19 | D71: 10 | E71: 9 | F71: 6 | G71: 25 | H71: 208 | I71: 138 | J71: 103 | K71: 102 | L71: 0 | M71: 26 | N71: 18 | O71: 5 | P71: 2 | Q71: 152 | R71: 2 | S71: 6 | T71: 15 | U71: =SUM(C71:T71) -> 846 | V71: =AVERAGE(C71:T71) -> 49.764706 | W71: =V71/30 -> 1.6588235 | X71: =U71/SUM($U$2:$U$410) -> 0.0012782091 | Y71: =X71+Y70 -> 0.94724454 | Z71: =_xlfn.STDEV.P(C71:T71)/AVERAGE(C71:T71) -> 1.2598266 | AA71: =IF(Y71<=0.7,"A",IF(Y71<=0.9,"B","C")) -> C | AB71: =IF(Z71<=0.5,"X",IF(Z71<=1,"Y","Z")) -> Z | AC71: =AA71&AB71 -> CZ
A72: SUNDRY-INV | B72: Modify Shaft PTO for AD1025-01 TO 02 | C72: 19 | D72: 10 | E72: 9 | F72: 6 | G72: 25 | H72: 208 | I72: 138 | J72: 103 | K72: 102 | L72: 0 | M72: 26 | N72: 18 | O72: 5 | P72: 2 | Q72: 152 | R72: 2 | S72: 6 | T72: 15 | U72: =SUM(C72:T72) -> 846 | V72: =AVERAGE(C72:T72) -> 49.764706 | W72: =V72/30 -> 1.6588235 | X72: =U72/SUM($U$2:$U$410) -> 0.0012782091 | Y72: =X72+Y71 -> 0.94852275 | Z72: =_xlfn.STDEV.P(C72:T72)/AVERAGE(C72:T72) -> 1.2598266 | AA72: =IF(Y72<=0.7,"A",IF(Y72<=0.9,"B","C")) -> C | AB72: =IF(Z72<=0.5,"X",IF(Z72<=1,"Y","Z")) -> Z | AC72: =AA72&AB72 -> CZ
A73: SUNDRY-INV | B73: Modify Shaft PTO for AD1025-03 | C73: 19 | D73: 10 | E73: 9 | F73: 6 | G73: 25 | H73: 208 | I73: 138 | J73: 103 | K73: 102 | L73: 0 | M73: 26 | N73: 18 | O73: 5 | P73: 2 | Q73: 152 | R73: 2 | S73: 6 | T73: 15 | U73: =SUM(C73:T73) -> 846 | V73: =AVERAGE(C73:T73) -> 49.764706 | W73: =V73/30 -> 1.6588235 | X73: =U73/SUM($U$2:$U$410) -> 0.0012782091 | Y73: =X73+Y72 -> 0.94980096 | Z73: =_xlfn.STDEV.P(C73:T73)/AVERAGE(C73:T73) -> 1.2598266 | AA73: =IF(Y73<=0.7,"A",IF(Y73<=0.9,"B","C")) -> C | AB73: =IF(Z73<=0.5,"X",IF(Z73<=1,"Y","Z")) -> Z | AC73: =AA73&AB73 -> CZ
A74: SUNDRY-INV | B74: Modify Shaft PTO for AD1031-01 | C74: 19 | D74: 10 | E74: 9 | F74: 6 | G74: 25 | H74: 208 | I74: 138 | J74: 103 | K74: 102 | L74: 0 | M74: 26 | N74: 18 | O74: 5 | P74: 2 | Q74: 152 | R74: 2 | S74: 6 | T74: 15 | U74: =SUM(C74:T74) -> 846 | V74: =AVERAGE(C74:T74) -> 49.764706 | W74: =V74/30 -> 1.6588235 | X74: =U74/SUM($U$2:$U$410) -> 0.0012782091 | Y74: =X74+Y73 -> 0.95107917 | Z74: =_xlfn.STDEV.P(C74:T74)/AVERAGE(C74:T74) -> 1.2598266 | AA74: =IF(Y74<=0.7,"A",IF(Y74<=0.9,"B","C")) -> C | AB74: =IF(Z74<=0.5,"X",IF(Z74<=1,"Y","Z")) -> Z | AC74: =AA74&AB74 -> CZ
A75: SUNDRY-INV | B75: Modify Shaft PTO for AD1033-01 | C75: 19 | D75: 10 | E75: 9 | F75: 6 | G75: 25 | H75: 208 | I75: 138 | J75: 103 | K75: 102 | L75: 0 | M75: 26 | N75: 18 | O75: 5 | P75: 2 | Q75: 152 | R75: 2 | S75: 6 | T75: 15 | U75: =SUM(C75:T75) -> 846 | V75: =AVERAGE(C75:T75) -> 49.764706 | W75: =V75/30 -> 1.6588235 | X75: =U75/SUM($U$2:$U$410) -> 0.0012782091 | Y75: =X75+Y74 -> 0.95235738 | Z75: =_xlfn.STDEV.P(C75:T75)/AVERAGE(C75:T75) -> 1.2598266 | AA75: =IF(Y75<=0.7,"A",IF(Y75<=0.9,"B","C")) -> C | AB75: =IF(Z75<=0.5,"X",IF(Z75<=1,"Y","Z")) -> Z | AC75: =AA75&AB75 -> CZ
A76: SUNDRY-INV | B76: Modify Shaft PTO for AD1011-01TO02 | C76: 19 | D76: 10 | E76: 9 | F76: 6 | G76: 25 | H76: 208 | I76: 138 | J76: 103 | K76: 102 | L76: 0 | M76: 26 | N76: 18 | O76: 5 | P76: 2 | Q76: 152 | R76: 2 | S76: 6 | T76: 15 | U76: =SUM(C76:T76) -> 846 | V76: =AVERAGE(C76:T76) -> 49.764706 | W76: =V76/30 -> 1.6588235 | X76: =U76/SUM($U$2:$U$410) -> 0.0012782091 | Y76: =X76+Y75 -> 0.95363559 | Z76: =_xlfn.STDEV.P(C76:T76)/AVERAGE(C76:T76) -> 1.2598266 | AA76: =IF(Y76<=0.7,"A",IF(Y76<=0.9,"B","C")) -> C | AB76: =IF(Z76<=0.5,"X",IF(Z76<=1,"Y","Z")) -> Z | AC76: =AA76&AB76 -> CZ
A77: SUNDRY-INV | B77: Modify Shaft PTO for AD1030-01 TO 02 | C77: 19 | D77: 10 | E77: 9 | F77: 6 | G77: 25 | H77: 208 | I77: 138 | J77: 103 | K77: 102 | L77: 0 | M77: 26 | N77: 18 | O77: 5 | P77: 2 | Q77: 152 | R77: 2 | S77: 6 | T77: 15 | U77: =SUM(C77:T77) -> 846 | V77: =AVERAGE(C77:T77) -> 49.764706 | W77: =V77/30 -> 1.6588235 | X77: =U77/SUM($U$2:$U$410) -> 0.0012782091 | Y77: =X77+Y76 -> 0.9549138 | Z77: =_xlfn.STDEV.P(C77:T77)/AVERAGE(C77:T77) -> 1.2598266 | AA77: =IF(Y77<=0.7,"A",IF(Y77<=0.9,"B","C")) -> C | AB77: =IF(Z77<=0.5,"X",IF(Z77<=1,"Y","Z")) -> Z | AC77: =AA77&AB77 -> CZ
A78: SUNDRY-INV | B78: Modify Shaft PTO for AD1036-01 | C78: 19 | D78: 10 | E78: 9 | F78: 6 | G78: 25 | H78: 208 | I78: 138 | J78: 103 | K78: 102 | L78: 0 | M78: 26 | N78: 18 | O78: 5 | P78: 2 | Q78: 152 | R78: 2 | S78: 6 | T78: 15 | U78: =SUM(C78:T78) -> 846 | V78: =AVERAGE(C78:T78) -> 49.764706 | W78: =V78/30 -> 1.6588235 | X78: =U78/SUM($U$2:$U$410) -> 0.0012782091 | Y78: =X78+Y77 -> 0.956192 | Z78: =_xlfn.STDEV.P(C78:T78)/AVERAGE(C78:T78) -> 1.2598266 | AA78: =IF(Y78<=0.7,"A",IF(Y78<=0.9,"B","C")) -> C | AB78: =IF(Z78<=0.5,"X",IF(Z78<=1,"Y","Z")) -> Z | AC78: =AA78&AB78 -> CZ
A79: SUNDRY-INV | B79: Modify Shaft PTO for AE1028-01 | C79: 19 | D79: 10 | E79: 9 | F79: 6 | G79: 25 | H79: 208 | I79: 138 | J79: 103 | K79: 102 | L79: 0 | M79: 26 | N79: 18 | O79: 5 | P79: 2 | Q79: 152 | R79: 2 | S79: 6 | T79: 15 | U79: =SUM(C79:T79) -> 846 | V79: =AVERAGE(C79:T79) -> 49.764706 | W79: =V79/30 -> 1.6588235 | X79: =U79/SUM($U$2:$U$410) -> 0.0012782091 | Y79: =X79+Y78 -> 0.95747021 | Z79: =_xlfn.STDEV.P(C79:T79)/AVERAGE(C79:T79) -> 1.2598266 | AA79: =IF(Y79<=0.7,"A",IF(Y79<=0.9,"B","C")) -> C | AB79: =IF(Z79<=0.5,"X",IF(Z79<=1,"Y","Z")) -> Z | AC79: =AA79&AB79 -> CZ
... A81: SUNDRY-INV | B81: Modify Shaft PTO for AE1035-01 | C81: 19 | D81: 10 | E81: 9 | F81: 6 | G81: 25 | H81: 208 | I81: 138 | J81: 103 | K81: 102 | L81: 0 | M81: 26 | N81: 18 | O81: 5 | P81: 2 | Q81: 152 | R81: 2 | S81: 6 | T81: 15 | U81: =SUM(C81:T81) -> 846 | V81: =AVERAGE(C81:T81) -> 49.764706 | W81: =V81/30 -> 1.6588235 | X81: =U81/SUM($U$2:$U$410) -> 0.0012782091 | Y81: =X81+Y80 -> 0.96002663 | Z81: =_xlfn.STDEV.P(C81:T81)/AVERAGE(C81:T81) -> 1.2598266 | AA81: =IF(Y81<=0.7,"A",IF(Y81<=0.9,"B","C")) -> C | AB81: =IF(Z81<=0.5,"X",IF(Z81<=1,"Y","Z")) -> Z | AC81: =AA81&AB81 -> CZ
A82: FST-0296 | B82: M8-1.25 HH Bolt x 40 Lg. SS | C82: 0 | D82: 0 | E82: 0 | F82: 0 | G82: 0 | H82: 0 | I82: 0 | J82: 0 | K82: 0 | L82: 0 | M82: 0 | N82: 0 | O82: 0 | P82: 0 | Q82: 0 | R82: 140 | S82: 560 | T82: 140 | U82: =SUM(C82:T82) -> 840 | V82: =AVERAGE(C82:T82) -> 210 | W82: =V82/30 -> 7 | X82: =U82/SUM($U$2:$U$410) -> 0.0012691438 | Y82: =X82+Y81 -> 0.96129578 | Z82: =_xlfn.STDEV.P(C82:T82)/AVERAGE(C82:T82) -> 1 | AA82: =IF(Y82<=0.7,"A",IF(Y82<=0.9,"B","C")) -> C | AB82: =IF(Z82<=0.5,"X",IF(Z82<=1,"Y","Z")) -> Y | AC82: =AA82&AB82 -> CY
A83: FST-0299 | B83: M10-1.5 HH Bolt x 85 Lg. SS HALF THREAD | C83: 0 | D83: 0 | E83: 0 | F83: 0 | G83: 100 | H83: 250 | I83: 0 | J83: 375 | K83: 0 | L83: 0 | M83: 0 | N83: 0 | O83: 0 | P83: 0 | Q83: 0 | R83: 0 | S83: 0 | T83: 0 | U83: =SUM(C83:T83) -> 725 | V83: =AVERAGE(C83:T83) -> 181.25 | W83: =V83/30 -> 6.0416667 | X83: =U83/SUM($U$2:$U$410) -> 0.001095392 | Y83: =X83+Y82 -> 0.96239117 | Z83: =_xlfn.STDEV.P(C83:T83)/AVERAGE(C83:T83) -> 0.78859287 | AA83: =IF(Y83<=0.7,"A",IF(Y83<=0.9,"B","C")) -> C | AB83: =IF(Z83<=0.5,"X",IF(Z83<=1,"Y","Z")) -> Y | AC83: =AA83&AB83 -> CY
A84: FST-0523 | B84: M8-1.25 NUT SS | C84: 0 | D84: 0 | E84: 0 | F84: 0 | G84: 20 | H84: 0 | I84: 0 | J84: 0 | K84: 200 | L84: 0 | M84: 0 | N84: 0 | O84: 0 | P84: 0 | Q84: 0 | R84: 0 | S84: 500 | T84: 0 | U84: =SUM(C84:T84) -> 720 | V84: =AVERAGE(C84:T84) -> 180 | W84: =V84/30 -> 6 | X84: =U84/SUM($U$2:$U$410) -> 0.0010878375 | Y84: =X84+Y83 -> 0.96347901 | Z84: =_xlfn.STDEV.P(C84:T84)/AVERAGE(C84:T84) -> 1.1138854 | AA84: =IF(Y84<=0.7,"A",IF(Y84<=0.9,"B","C")) -> C | AB84: =IF(Z84<=0.5,"X",IF(Z84<=1,"Y","Z")) -> Z | AC84: =AA84&AB84 -> CZ
A85: FAC0042 | B85: SCOTBITE 7447B"3M" SIZE 6"X9"(60PCS/BX) | C85: 0 | D85: 0 | E85: 0 | F85: 0 | G85: 121.5 | H85: 59 | I85: 15 | J85: 90 | K85: 60 | L85: 0 | M85: 120 | N85: 5 | O85: 0 | P85: 71 | Q85: 59 | R85: 0 | S85: 60 | T85: 4 | U85: =SUM(C85:T85) -> 664.5 | V85: =AVERAGE(C85:T85) -> 60.409091 | W85: =V85/30 -> 2.0136364 | X85: =U85/SUM($U$2:$U$410) -> 0.0010039834 | Y85: =X85+Y84 -> 0.96448299 | Z85: =_xlfn.STDEV.P(C85:T85)/AVERAGE(C85:T85) -> 0.64286061 | AA85: =IF(Y85<=0.7,"A",IF(Y85<=0.9,"B","C")) -> C | AB85: =IF(Z85<=0.5,"X",IF(Z85<=1,"Y","Z")) -> Y | AC85: =AA85&AB85 -> CY
A86: FAC0723 | B86: INSULATED TERMINAL "RING TYPE" (AL)C25-6 | C86: 0 | D86: 0 | E86: 0 | F86: 0 | G86: 0 | H86: 0 | I86: 0 | J86: 444 | K86: 0 | L86: 0 | M86: 0 | N86: 0 | O86: 0 | P86: 0 | Q86: 200 | R86: 0 | S86: 0 | T86: 0 | U86: =SUM(C86:T86) -> 644 | V86: =AVERAGE(C86:T86) -> 214.66667 | W86: =V86/30 -> 7.1555556 | X86: =U86/SUM($U$2:$U$410) -> 0.00097301025 | Y86: =X86+Y85 -> 0.965456 | Z86: =_xlfn.STDEV.P(C86:T86)/AVERAGE(C86:T86) -> 0.84577026 | AA86: =IF(Y86<=0.7,"A",IF(Y86<=0.9,"B","C")) -> C | AB86: =IF(Z86<=0.5,"X",IF(Z86<=1,"Y","Z")) -> Y | AC86: =AA86&AB86 -> CY
A87: FST-0549 | B87: M6-1.00 HH Bolt x 55Lg. SS ALL THREAD | C87: 0 | D87: 0 | E87: 0 | F87: 0 | G87: 0 | H87: 93 | I87: 240 | J87: 0 | K87: 167 | L87: 0 | M87: 0 | N87: 0 | O87: 0 | P87: 0 | Q87: 0 | R87: 0 | S87: 136 | T87: 0 | U87: =SUM(C87:T87) -> 636 | V87: =AVERAGE(C87:T87) -> 127.2 | W87: =V87/30 -> 4.24 | X87: =U87/SUM($U$2:$U$410) -> 0.00096092317 | Y87: =X87+Y86 -> 0.96641692 | Z87: =_xlfn.STDEV.P(C87:T87)/AVERAGE(C87:T87) -> 0.62631926 | AA87: =IF(Y87<=0.7,"A",IF(Y87<=0.9,"B","C")) -> C | AB87: =IF(Z87<=0.5,"X",IF(Z87<=1,"Y","Z")) -> Y | AC87: =AA87&AB87 -> CY
A88: 9043-0019-045-T | B88: BOLT M16-2.0x45 DIN 933 Class 10.9 Zinc | C88: 0 | D88: 0 | E88: 0 | F88: 100 | G88: 0 | H88: 214 | I88: 0 | J88: 0 | K88: 0 | L88: 0 | M88: 0 | N88: 0 | O88: 0 | P88: 0 | Q88: 0 | R88: 200 | S88: 0 | T88: 100 | U88: =SUM(C88:T88) -> 614 | V88: =AVERAGE(C88:T88) -> 122.8 | W88: =V88/30 -> 4.0933333 | X88: =U88/SUM($U$2:$U$410) -> 0.00092768369 | Y88: =X88+Y87 -> 0.96734461 | Z88: =_xlfn.STDEV.P(C88:T88)/AVERAGE(C88:T88) -> 0.6349369 | AA88: =IF(Y88<=0.7,"A",IF(Y88<=0.9,"B","C")) -> C | AB88: =IF(Z88<=0.5,"X",IF(Z88<=1,"Y","Z")) -> Y | AC88: =AA88&AB88 -> CY
A89: FST-0315 | B89: M10-1.5 HH BOLT X 90mmLG. SS HALF THREAD | C89: 0 | D89: 0 | E89: 0 | F89: 0 | G89: 0 | H89: 0 | I89: 215 | J89: 396.25 | K89: 0 | L89: 0 | M89: 0 | N89: 0 | O89: 0 | P89: 0 | Q89: 0 | R89: 0 | S89: 0 | T89: 0 | U89: =SUM(C89:T89) -> 611.25 | V89: =AVERAGE(C89:T89) -> 203.75 | W89: =V89/30 -> 6.7916667 | X89: =U89/SUM($U$2:$U$410) -> 0.00092352875 | Y89: =X89+Y88 -> 0.96826813 | Z89: =_xlfn.STDEV.P(C89:T89)/AVERAGE(C89:T89) -> 0.79491465 | AA89: =IF(Y89<=0.7,"A",IF(Y89<=0.9,"B","C")) -> C | AB89: =IF(Z89<=0.5,"X",IF(Z89<=1,"Y","Z")) -> Y | AC89: =AA89&AB89 -> CY
A90: FST-0457 | B90: M16-2.0HH BOLTx60mm LG,GRADE 8.8 ZP/HALF | C90: 0 | D90: 0 | E90: 0 | F90: 0 | G90: 0 | H90: 0 | I90: 100 | J90: 0 | K90: 200 | L90: 0 | M90: 100 | N90: 0 | O90: 0 | P90: 0 | Q90: 38 | R90: 0 | S90: 162 | T90: 10 | U90: =SUM(C90:T90) -> 610 | V90: =AVERAGE(C90:T90) -> 101.66667 | W90: =V90/30 -> 3.3888889 | X90: =U90/SUM($U$2:$U$410) -> 0.00092164014 | Y90: =X90+Y89 -> 0.96918978 | Z90: =_xlfn.STDEV.P(C90:T90)/AVERAGE(C90:T90) -> 0.64463552 | AA90: =IF(Y90<=0.7,"A",IF(Y90<=0.9,"B","C")) -> C | AB90: =IF(Z90<=0.5,"X",IF(Z90<=1,"Y","Z")) -> Y | AC90: =AA90&AB90 -> CY
A91: FST-0342 | B91: STUD SS M12x1.75 ,60mm LONG | C91: 0 | D91: 0 | E91: 0 | F91: 0 | G91: 200 | H91: 0 | I91: 0 | J91: 0 | K91: 0 | L91: 300 | M91: 0 | N91: 0 | O91: 0 | P91: 100 | Q91: 0 | R91: 0 | S91: 0 | T91: 0 | U91: =SUM(C91:T91) -> 600 | V91: =AVERAGE(C91:T91) -> 150 | W91: =V91/30 -> 5 | X91: =U91/SUM($U$2:$U$410) -> 0.00090653129 | Y91: =X91+Y90 -> 0.97009631 | Z91: =_xlfn.STDEV.P(C91:T91)/AVERAGE(C91:T91) -> 0.74535599 | AA91: =IF(Y91<=0.7,"A",IF(Y91<=0.9,"B","C")) -> C | AB91: =IF(Z91<=0.5,"X",IF(Z91<=1,"Y","Z")) -> Y | AC91: =AA91&AB91 -> CY
A92: FAC0168 | B92: ALUMINA CERAMIC CUPS #6 | C92: 0 | D92: 0 | E92: 0 | F92: 10 | G92: 60 | H92: 20 | I92: 91 | J92: 44 | K92: 7 | L92: 70 | M92: 0 | N92: 10 | O92: 10 | P92: 70 | Q92: 40 | R92: 48 | S92: 50 | T92: 50 | U92: =SUM(C92:T92) -> 580 | V92: =AVERAGE(C92:T92) -> 38.666667 | W92: =V92/30 -> 1.2888889 | X92: =U92/SUM($U$2:$U$410) -> 0.00087631358 | Y92: =X92+Y91 -> 0.97097262 | Z92: =_xlfn.STDEV.P(C92:T92)/AVERAGE(C92:T92) -> 0.69534293 | AA92: =IF(Y92<=0.7,"A",IF(Y92<=0.9,"B","C")) -> C | AB92: =IF(Z92<=0.5,"X",IF(Z92<=1,"Y","Z")) -> Y | AC92: =AA92&AB92 -> CY
A93: FAC0304 | B93: MASKING TAPE 2"3M#2214 | C93: 0 | D93: 0 | E93: 0 | F93: 37.25 | G93: 77 | H93: 64 | I93: 47 | J93: 48 | K93: 36 | L93: 41 | M93: 19 | N93: 5 | O93: 22 | P93: 40 | Q93: 36 | R93: 31 | S93: 16 | T93: 33 | U93: =SUM(C93:T93) -> 552.25 | V93: =AVERAGE(C93:T93) -> 36.816667 | W93: =V93/30 -> 1.2272222 | X93: =U93/SUM($U$2:$U$410) -> 0.00083438651 | Y93: =X93+Y92 -> 0.97180701 | Z93: =_xlfn.STDEV.P(C93:T93)/AVERAGE(C93:T93) -> 0.4778467 | AA93: =IF(Y93<=0.7,"A",IF(Y93<=0.9,"B","C")) -> C | AB93: =IF(Z93<=0.5,"X",IF(Z93<=1,"Y","Z")) -> X | AC93: =AA93&AB93 -> CX
A94: FST-0244 | B94: M10-1.5 HH BOLT 80 mm SUS304 HALF THREAD | C94: 0 | D94: 0 | E94: 0 | F94: 0 | G94: 150 | H94: 300 | I94: 100 | J94: 0 | K94: 0 | L94: 0 | M94: 0 | N94: 0 | O94: 0 | P94: 0 | Q94: 0 | R94: 0 | S94: 0 | T94: 0 | U94: =SUM(C94:T94) -> 550 | V94: =AVERAGE(C94:T94) -> 137.5 | W94: =V94/30 -> 4.5833333 | X94: =U94/SUM($U$2:$U$410) -> 0.00083098701 | Y94: =X94+Y93 -> 0.97263799 | Z94: =_xlfn.STDEV.P(C94:T94)/AVERAGE(C94:T94) -> 0.78729582 | AA94: =IF(Y94<=0.7,"A",IF(Y94<=0.9,"B","C")) -> C | AB94: =IF(Z94<=0.5,"X",IF(Z94<=1,"Y","Z")) -> Y | AC94: =AA94&AB94 -> CY
A95: FST-0306 | B95: M12-1.75 HH Bolt x 35 Lg. SS | C95: 0 | D95: 0 | E95: 0 | F95: 0 | G95: 0 | H95: 0 | I95: 240 | J95: 280 | K95: 0 | L95: 0 | M95: 0 | N95: 0 | O95: 0 | P95: 0 | Q95: 0 | R95: 0 | S95: 0 | T95: 0 | U95: =SUM(C95:T95) -> 520 | V95: =AVERAGE(C95:T95) -> 173.33333 | W95: =V95/30 -> 5.7777778 | X95: =U95/SUM($U$2:$U$410) -> 0.00078566045 | Y95: =X95+Y94 -> 0.97342365 | Z95: =_xlfn.STDEV.P(C95:T95)/AVERAGE(C95:T95) -> 0.71335527 | AA95: =IF(Y95<=0.7,"A",IF(Y95<=0.9,"B","C")) -> C | AB95: =IF(Z95<=0.5,"X",IF(Z95<=1,"Y","Z")) -> Y | AC95: =AA95&AB95 -> CY
A96: FST-0384 | B96: M16x2.0 HH BOLT x 65mm LG GRADE 8.8 | C96: 0 | D96: 0 | E96: 0 | F96: 0 | G96: 0 | H96: 0 | I96: 0 | J96: 0 | K96: 0 | L96: 220 | M96: 15 | N96: 0 | O96: 0 | P96: 0 | Q96: 37 | R96: 0 | S96: 228 | T96: 0 | U96: =SUM(C96:T96) -> 500 | V96: =AVERAGE(C96:T96) -> 125 | W96: =V96/30 -> 4.1666667 | X96: =U96/SUM($U$2:$U$410) -> 0.00075544274 | Y96: =X96+Y95 -> 0.9741791 | Z96: =_xlfn.STDEV.P(C96:T96)/AVERAGE(C96:T96) -> 0.79476286 | AA96: =IF(Y96<=0.7,"A",IF(Y96<=0.9,"B","C")) -> C | AB96: =IF(Z96<=0.5,"X",IF(Z96<=1,"Y","Z")) -> Y | AC96: =AA96&AB96 -> CY
A97: WLC4006 | B97: 206189 FAS TIP MILLER XR CONTROL | C97: 0 | D97: 0 | E97: 0 | F97: 20 | G97: 72.6 | H97: 30 | I97: 44.8875 | J97: 5.1125 | K97: 36 | L97: 10 | M97: 0 | N97: 0 | O97: 0 | P97: 50 | Q97: 42 | R97: 65 | S97: 26 | T97: 37 | U97: =SUM(C97:T97) -> 438.6 | V97: =AVERAGE(C97:T97) -> 33.738462 | W97: =V97/30 -> 1.1246154 | X97: =U97/SUM($U$2:$U$410) -> 0.00066267437 | Y97: =X97+Y96 -> 0.97484177 | Z97: =_xlfn.STDEV.P(C97:T97)/AVERAGE(C97:T97) -> 0.62303708 | AA97: =IF(Y97<=0.7,"A",IF(Y97<=0.9,"B","C")) -> C | AB97: =IF(Z97<=0.5,"X",IF(Z97<=1,"Y","Z")) -> Y | AC97: =AA97&AB97 -> CY
A98: WLC4006 | B98: 206191 FAS TIP MILLER XR CONTROL | C98: 0 | D98: 0 | E98: 0 | F98: 20 | G98: 72.6 | H98: 30 | I98: 44.8875 | J98: 5.1125 | K98: 36 | L98: 10 | M98: 0 | N98: 0 | O98: 0 | P98: 50 | Q98: 42 | R98: 65 | S98: 26 | T98: 37 | U98: =SUM(C98:T98) -> 438.6 | V98: =AVERAGE(C98:T98) -> 33.738462 | W98: =V98/30 -> 1.1246154 | X98: =U98/SUM($U$2:$U$410) -> 0.00066267437 | Y98: =X98+Y97 -> 0.97550445 | Z98: =_xlfn.STDEV.P(C98:T98)/AVERAGE(C98:T98) -> 0.62303708 | AA98: =IF(Y98<=0.7,"A",IF(Y98<=0.9,"B","C")) -> C | AB98: =IF(Z98<=0.5,"X",IF(Z98<=1,"Y","Z")) -> Y | AC98: =AA98&AB98 -> CY
A99: WLC6001 | B99: CLEAR GLASS SIZE 2"x4.1/4"x2mm.THK. | C99: 0 | D99: 0 | E99: 0 | F99: 0 | G99: 0 | H99: 0 | I99: 0 | J99: 10 | K99: 9 | L99: 0 | M99: 0 | N99: 0 | O99: 200 | P99: 0 | Q99: 20 | R99: 194 | S99: 0 | T99: 0 | U99: =SUM(C99:T99) -> 433 | V99: =AVERAGE(C99:T99) -> 72.166667 | W99: =V99/30 -> 2.4055556 | X99: =U99/SUM($U$2:$U$410) -> 0.00065421341 | Y99: =X99+Y98 -> 0.97615866 | Z99: =_xlfn.STDEV.P(C99:T99)/AVERAGE(C99:T99) -> 1.2260061 | AA99: =IF(Y99<=0.7,"A",IF(Y99<=0.9,"B","C")) -> C | AB99: =IF(Z99<=0.5,"X",IF(Z99<=1,"Y","Z")) -> Z | AC99: =AA99&AB99 -> CZ
A100: FST-0385 | B100: M10 SPRING WASHER, 304 SS | C100: 0 | D100: 0 | E100: 0 | F100: 0 | G100: 0 | H100: 0 | I100: 0 | J100: 0 | K100: 0 | L100: 0 | M100: 0 | N100: 0 | O100: 0 | P100: 0 | Q100: 0 | R100: 0 | S100: 0 | T100: 429.8575 | U100: =SUM(C100:T100) -> 429.8575 | V100: =AVERAGE(C100:T100) -> 214.92875 | W100: =V100/30 -> 7.1642917 | X100: =U100/SUM($U$2:$U$410) -> 0.00064946546 | Y100: =X100+Y99 -> 0.97680812 | Z100: =_xlfn.STDEV.P(C100:T100)/AVERAGE(C100:T100) -> 1 | AA100: =IF(Y100<=0.7,"A",IF(Y100<=0.9,"B","C")) -> C | AB100: =IF(Z100<=0.5,"X",IF(Z100<=1,"Y","Z")) -> Y | AC100: =AA100&AB100 -> CY
A101: FST-0207 | B101: 1"- 8 HH BOLT x 6" LG, NUT F/M | C101: 0 | D101: 0 | E101: 60 | F101: 0 | G101: 12 | H101: 70 | I101: 74 | J101: 6 | K101: 61 | L101: 0 | M101: 12 | N101: 0 | O101: 12 | P101: 36 | Q101: 24 | R101: 12 | S101: 0 | T101: 44 | U101: =SUM(C101:T101) -> 423 | V101: =AVERAGE(C101:T101) -> 35.25 | W101: =V101/30 -> 1.175 | X101: =U101/SUM($U$2:$U$410) -> 0.00063910456 | Y101: =X101+Y100 -> 0.97744723 | Z101: =_xlfn.STDEV.P(C101:T101)/AVERAGE(C101:T101) -> 0.69519224 | AA101: =IF(Y101<=0.7,"A",IF(Y101<=0.9,"B","C")) -> C | AB101: =IF(Z101<=0.5,"X",IF(Z101<=1,"Y","Z")) -> Y | AC101: =AA101&AB101 -> CY
...

Sheet Cast
C1: 0.3
A2: Item | B2: Item Description | C2: Match | D2: 45658 | E2: F-Jan25 | F2: 45689 | G2: F-Feb25 | H2: 45717 | I2: F-Mar25 | J2: 45748 | K2: F-Apr25 | L2: 45778 | M2: F-May25 | N2: 45809 | O2: F-Jun25 | P2: 45839 | Q2: F-July25 | R2: 45870 | S2: F-Aug25 | T2: 45901 | U2: F-Sep25 | V2: 45931 | W2: F-JOct25 | X2: 45962 | Y2: F-Nov25 | Z2: 45992 | AA2: F-Dec25 | AB2: 46023 | AC2: F-Jan26 | AD2: 46054 | AE2: F-Feb26 | AF2: 46082 | AG2: F-Mar26 | AH2: 46113 | AI2: F-Apr26 | AJ2: 46143 | AK2: F-May26 | AL2: 46174 | AM2: F-Jun26 | AN2: ae | AO2: ape | AP2: mape
A3: FST-0305 | B3: M10 WASHER SS | C3: =_xlfn.XLOOKUP(A3,Fore!A:A,Fore!AC:AC) -> AY | D3: 0 | E3: =D3 -> 0 | F3: 0 | G3: =$C$1*D3+(1-$C$1)*E3 -> 0 | H3: 0 | I3: =$C$1*F3+(1-$C$1)*G3 -> 0 | J3: 3000 | K3: =$C$1*H3+(1-$C$1)*I3 -> 0 | L3: 4430 | M3: =$C$1*J3+(1-$C$1)*K3 -> 900 | N3: 4821 | O3: =$C$1*M3+(1-$C$1)*L3 -> 3371 | P3: 8080 | Q3: =$C$1*N3+(1-$C$1)*O3 -> 3806 | R3: 12241 | S3: =$C$1*P3+(1-$C$1)*Q3 -> 5088.2 | T3: 7900 | U3: =$C$1*R3+(1-$C$1)*S3 -> 7234.04 | V3: 2224 | W3: =$C$1*T3+(1-$C$1)*U3 -> 7433.828 | X3: 3836 | Y3: =$C$1*V3+(1-$C$1)*W3 -> 5870.8796 | Z3: 150 | AA3: =$C$1*X3+(1-$C$1)*Y3 -> 5260.4157 | AB3: 1200 | AC3: =$C$1*Z3+(1-$C$1)*AA3 -> 3727.291 | AD3: 4014 | AE3: =$C$1*AB3+(1-$C$1)*AC3 -> 2969.1037 | AF3: 5677 | AG3: =$C$1*AD3+(1-$C$1)*AE3 -> 3282.5726 | AH3: 3489 | AI3: =$C$1*AF3+(1-$C$1)*AG3 -> 4000.9008 | AJ3: 9050 | AK3: =$C$1*AH3+(1-$C$1)*AI3 -> 3847.3306 | AL3: 3450 | AM3: =$C$1*AJ3+(1-$C$1)*AK3 -> 5408.1314 | AN3: =ABS(AL3-AM3) -> 1958.1314 | AO3: =IFERROR(ABS((AL3-AM3)/AL3),"0") -> 0.56757432
A4: FAC0465 | B4: CABLE TIE REMOVE SIZ11-12" W4.5-4.8mm BK | C4: =_xlfn.XLOOKUP(A4,Fore!A:A,Fore!AC:AC) -> AY | D4: 0 | E4: =D4 -> 0 | F4: 0 | G4: =$C$1*D4+(1-$C$1)*E4 -> 0 | H4: 0 | I4: =$C$1*F4+(1-$C$1)*G4 -> 0 | J4: 4300 | K4: =$C$1*H4+(1-$C$1)*I4 -> 0 | L4: 1005 | M4: =$C$1*J4+(1-$C$1)*K4 -> 1290 | N4: 3200 | O4: =$C$1*M4+(1-$C$1)*L4 -> 1090.5 | P4: 7800 | Q4: =$C$1*N4+(1-$C$1)*O4 -> 1723.35 | R4: 7894 | S4: =$C$1*P4+(1-$C$1)*Q4 -> 3546.345 | T4: 8183 | U4: =$C$1*R4+(1-$C$1)*S4 -> 4850.6415 | V4: 4000 | W4: =$C$1*T4+(1-$C$1)*U4 -> 5850.349 | X4: 3738 | Y4: =$C$1*V4+(1-$C$1)*W4 -> 5295.2443 | Z4: 200 | AA4: =$C$1*X4+(1-$C$1)*Y4 -> 4828.071 | AB4: 1900 | AC4: =$C$1*Z4+(1-$C$1)*AA4 -> 3439.6497 | AD4: 3885.75 | AE4: =$C$1*AB4+(1-$C$1)*AC4 -> 2977.7548 | AF4: 3966 | AG4: =$C$1*AD4+(1-$C$1)*AE4 -> 3250.1534 | AH4: 3204.999 | AI4: =$C$1*AF4+(1-$C$1)*AG4 -> 3464.9074 | AJ4: 5798.333 | AK4: =$C$1*AH4+(1-$C$1)*AI4 -> 3386.9348 | AL4: 1100.667 | AM4: =$C$1*AJ4+(1-$C$1)*AK4 -> 4110.3543 | AN4: =ABS(AL4-AM4) -> 3009.6873 | AO4: =IFERROR(ABS((AL4-AM4)/AL4),"0") -> 2.7344213
A5: FST-0298 | B5: M8 FLAT WASHER SS | C5: =_xlfn.XLOOKUP(A5,Fore!A:A,Fore!AC:AC) -> AY | D5: 0 | E5: =D5 -> 0 | F5: 0 | G5: =$C$1*D5+(1-$C$1)*E5 -> 0 | H5: 0 | I5: =$C$1*F5+(1-$C$1)*G5 -> 0 | J5: 1580 | K5: =$C$1*H5+(1-$C$1)*I5 -> 0 | L5: 700 | M5: =$C$1*J5+(1-$C$1)*K5 -> 474 | N5: 2473.3336 | O5: =$C$1*M5+(1-$C$1)*L5 -> 632.2 | P5: 3777.5 | Q5: =$C$1*N5+(1-$C$1)*O5 -> 1184.5401 | R5: 4183.5 | S5: =$C$1*P5+(1-$C$1)*Q5 -> 1962.4281 | T5: 2838.5 | U5: =$C$1*R5+(1-$C$1)*S5 -> 2628.7496 | V5: 1850 | W5: =$C$1*T5+(1-$C$1)*U5 -> 2691.6747 | X5: 2758 | Y5: =$C$1*V5+(1-$C$1)*W5 -> 2439.1723 | Z5: 392 | AA5: =$C$1*X5+(1-$C$1)*Y5 -> 2534.8206 | AB5: 1000 | AC5: =$C$1*Z5+(1-$C$1)*AA5 -> 1891.9744 | AD5: 3933 | AE5: =$C$1*AB5+(1-$C$1)*AC5 -> 1624.3821 | AF5: 5067 | AG5: =$C$1*AD5+(1-$C$1)*AE5 -> 2316.9675 | AH5: 4510 | AI5: =$C$1*AF5+(1-$C$1)*AG5 -> 3141.9772 | AJ5: 9100 | AK5: =$C$1*AH5+(1-$C$1)*AI5 -> 3552.3841 | AL5: 1678 | AM5: =$C$1*AJ5+(1-$C$1)*AK5 -> 5216.6688 | AN5: =ABS(AL5-AM5) -> 3538.6688 | AO5: =IFERROR(ABS((AL5-AM5)/AL5),"0") -> 2.1088611
A6: 9965-0009-T | B6: FLAT WASHER M16 CLASS10 ZINC PLATED | C6: =_xlfn.XLOOKUP(A6,Fore!A:A,Fore!AC:AC) -> AY | D6: 2862 | E6: =D6 -> 2862 | F6: 3150 | G6: =$C$1*D6+(1-$C$1)*E6 -> 2862 | H6: 3200.0008 | I6: =$C$1*F6+(1-$C$1)*G6 -> 2948.4 | J6: 656 | K6: =$C$1*H6+(1-$C$1)*I6 -> 3023.8802 | L6: 1183 | M6: =$C$1*J6+(1-$C$1)*K6 -> 2313.5162 | N6: 2149.0001 | O6: =$C$1*M6+(1-$C$1)*L6 -> 1522.1549 | P6: 3138.9999 | Q6: =$C$1*N6+(1-$C$1)*O6 -> 1710.2084 | R6: 6278 | S6: =$C$1*P6+(1-$C$1)*Q6 -> 2138.8459 | T6: 3600 | U6: =$C$1*R6+(1-$C$1)*S6 -> 3380.5921 | V6: 4162 | W6: =$C$1*T6+(1-$C$1)*U6 -> 3446.4145 | X6: 3100 | Y6: =$C$1*V6+(1-$C$1)*W6 -> 3661.0901 | Z6: 100 | AA6: =$C$1*X6+(1-$C$1)*Y6 -> 3492.7631 | AB6: 1500 | AC6: =$C$1*Z6+(1-$C$1)*AA6 -> 2474.9342 | AD6: 800 | AE6: =$C$1*AB6+(1-$C$1)*AC6 -> 2182.4539 | AF6: 2015 | AG6: =$C$1*AD6+(1-$C$1)*AE6 -> 1767.7177 | AH6: 3132 | AI6: =$C$1*AF6+(1-$C$1)*AG6 -> 1841.9024 | AJ6: 2732 | AK6: =$C$1*AH6+(1-$C$1)*AI6 -> 2228.9317 | AL6: 1945 | AM6: =$C$1*AJ6+(1-$C$1)*AK6 -> 2379.8522 | AN6: =ABS(AL6-AM6) -> 434.85219 | AO6: =IFERROR(ABS((AL6-AM6)/AL6),"0") -> 0.22357439
A7: FST-0291 | B7: M6 WASHER SS | C7: =_xlfn.XLOOKUP(A7,Fore!A:A,Fore!AC:AC) -> AY | D7: 0 | E7: =D7 -> 0 | F7: 0 | G7: =$C$1*D7+(1-$C$1)*E7 -> 0 | H7: 0 | I7: =$C$1*F7+(1-$C$1)*G7 -> 0 | J7: 1400 | K7: =$C$1*H7+(1-$C$1)*I7 -> 0 | L7: 3046 | M7: =$C$1*J7+(1-$C$1)*K7 -> 420 | N7: 1080 | O7: =$C$1*M7+(1-$C$1)*L7 -> 2258.2 | P7: 6007 | Q7: =$C$1*N7+(1-$C$1)*O7 -> 1904.74 | R7: 6513 | S7: =$C$1*P7+(1-$C$1)*Q7 -> 3135.418 | T7: 6345.4445 | U7: =$C$1*R7+(1-$C$1)*S7 -> 4148.6926 | V7: 3657 | W7: =$C$1*T7+(1-$C$1)*U7 -> 4807.7182 | X7: 2000 | Y7: =$C$1*V7+(1-$C$1)*W7 -> 4462.5027 | Z7: 0 | AA7: =$C$1*X7+(1-$C$1)*Y7 -> 3723.7519 | AB7: 2200 | AC7: =$C$1*Z7+(1-$C$1)*AA7 -> 2606.6263 | AD7: 2416 | AE7: =$C$1*AB7+(1-$C$1)*AC7 -> 2484.6384 | AF7: 3200 | AG7: =$C$1*AD7+(1-$C$1)*AE7 -> 2464.0469 | AH7: 3000 | AI7: =$C$1*AF7+(1-$C$1)*AG7 -> 2684.8328 | AJ7: 2192 | AK7: =$C$1*AH7+(1-$C$1)*AI7 -> 2779.383 | AL7: 200 | AM7: =$C$1*AJ7+(1-$C$1)*AK7 -> 2603.1681 | AN7: =ABS(AL7-AM7) -> 2403.1681 | AO7: =IFERROR(ABS((AL7-AM7)/AL7),"0") -> 12.01584
A8: FST-0304 | B8: M10-1.5 HH LOCK NUT SS | C8: =_xlfn.XLOOKUP(A8,Fore!A:A,Fore!AC:AC) -> AY | D8: 0 | E8: =D8 -> 0 | F8: 0 | G8: =$C$1*D8+(1-$C$1)*E8 -> 0 | H8: 0 | I8: =$C$1*F8+(1-$C$1)*G8 -> 0 | J8: 950 | K8: =$C$1*H8+(1-$C$1)*I8 -> 0 | L8: 2950 | M8: =$C$1*J8+(1-$C$1)*K8 -> 285 | N8: 2126 | O8: =$C$1*M8+(1-$C$1)*L8 -> 2150.5 | P8: 4320.3333 | Q8: =$C$1*N8+(1-$C$1)*O8 -> 2143.15 | R8: 5769 | S8: =$C$1*P8+(1-$C$1)*Q8 -> 2796.305 | T8: 4400.5 | U8: =$C$1*R8+(1-$C$1)*S8 -> 3688.1135 | V8: 4337 | W8: =$C$1*T8+(1-$C$1)*U8 -> 3901.8294 | X8: 3200 | Y8: =$C$1*V8+(1-$C$1)*W8 -> 4032.3806 | Z8: 0 | AA8: =$C$1*X8+(1-$C$1)*Y8 -> 3782.6664 | AB8: 50 | AC8: =$C$1*Z8+(1-$C$1)*AA8 -> 2647.8665 | AD8: 2085.79 | AE8: =$C$1*AB8+(1-$C$1)*AC8 -> 1868.5065 | AF8: 1235 | AG8: =$C$1*AD8+(1-$C$1)*AE8 -> 1933.6916 | AH8: 2499 | AI8: =$C$1*AF8+(1-$C$1)*AG8 -> 1724.0841 | AJ8: 3169 | AK8: =$C$1*AH8+(1-$C$1)*AI8 -> 1956.5589 | AL8: 1550 | AM8: =$C$1*AJ8+(1-$C$1)*AK8 -> 2320.2912 | AN8: =ABS(AL8-AM8) -> 770.29121 | AO8: =IFERROR(ABS((AL8-AM8)/AL8),"0") -> 0.49696207
A9: FST-0290 | B9: M6 x1.00 LOCKNUT SS | C9: =_xlfn.XLOOKUP(A9,Fore!A:A,Fore!AC:AC) -> AY | D9: 0 | E9: =D9 -> 0 | F9: 0 | G9: =$C$1*D9+(1-$C$1)*E9 -> 0 | H9: 0 | I9: =$C$1*F9+(1-$C$1)*G9 -> 0 | J9: 800.6664 | K9: =$C$1*H9+(1-$C$1)*I9 -> 0 | L9: 1000 | M9: =$C$1*J9+(1-$C$1)*K9 -> 240.19992 | N9: 1000 | O9: =$C$1*M9+(1-$C$1)*L9 -> 772.05998 | P9: 2200.3336 | Q9: =$C$1*N9+(1-$C$1)*O9 -> 840.44198 | R9: 5488 | S9: =$C$1*P9+(1-$C$1)*Q9 -> 1248.4095 | T9: 4694.4445 | U9: =$C$1*R9+(1-$C$1)*S9 -> 2520.2866 | V9: 1530 | W9: =$C$1*T9+(1-$C$1)*U9 -> 3172.534 | X9: 339 | Y9: =$C$1*V9+(1-$C$1)*W9 -> 2679.7738 | Z9: 0 | AA9: =$C$1*X9+(1-$C$1)*Y9 -> 1977.5417 | AB9: 0 | AC9: =$C$1*Z9+(1-$C$1)*AA9 -> 1384.2792 | AD9: 1220 | AE9: =$C$1*AB9+(1-$C$1)*AC9 -> 968.99541 | AF9: 1500 | AG9: =$C$1*AD9+(1-$C$1)*AE9 -> 1044.2968 | AH9: 2280 | AI9: =$C$1*AF9+(1-$C$1)*AG9 -> 1181.0078 | AJ9: 428.571 | AK9: =$C$1*AH9+(1-$C$1)*AI9 -> 1510.7054 | AL9: 1099.429 | AM9: =$C$1*AJ9+(1-$C$1)*AK9 -> 1186.0651 | AN9: =ABS(AL9-AM9) -> 86.636098 | AO9: =IFERROR(ABS((AL9-AM9)/AL9),"0") -> 0.078800994
A10: FST-0297 | B10: M8-1.25 LOCKNUT SS | C10: =_xlfn.XLOOKUP(A10,Fore!A:A,Fore!AC:AC) -> AY | D10: 0 | E10: =D10 -> 0 | F10: 0 | G10: =$C$1*D10+(1-$C$1)*E10 -> 0 | H10: 0 | I10: =$C$1*F10+(1-$C$1)*G10 -> 0 | J10: 800 | K10: =$C$1*H10+(1-$C$1)*I10 -> 0 | L10: 66.6668 | M10: =$C$1*J10+(1-$C$1)*K10 -> 240 | N10: 1853.3334 | O10: =$C$1*M10+(1-$C$1)*L10 -> 118.66676 | P10: 2120.9998 | Q10: =$C$1*N10+(1-$C$1)*O10 -> 639.06675 | R10: 2600 | S10: =$C$1*P10+(1-$C$1)*Q10 -> 1083.6467 | T10: 1900 | U10: =$C$1*R10+(1-$C$1)*S10 -> 1538.5527 | V10: 1030 | W10: =$C$1*T10+(1-$C$1)*U10 -> 1646.9869 | X10: 917 | Y10: =$C$1*V10+(1-$C$1)*W10 -> 1461.8908 | Z10: 150 | AA10: =$C$1*X10+(1-$C$1)*Y10 -> 1298.4236 | AB10: 400 | AC10: =$C$1*Z10+(1-$C$1)*AA10 -> 953.8965 | AD10: 2500 | AE10: =$C$1*AB10+(1-$C$1)*AC10 -> 787.72755 | AF10: 1100 | AG10: =$C$1*AD10+(1-$C$1)*AE10 -> 1301.4093 | AH10: 2733 | AI10: =$C$1*AF10+(1-$C$1)*AG10 -> 1240.9865 | AJ10: 4136 | AK10: =$C$1*AH10+(1-$C$1)*AI10 -> 1688.5905 | AL10: 50 | AM10: =$C$1*AJ10+(1-$C$1)*AK10 -> 2422.8134 | AN10: =ABS(AL10-AM10) -> 2372.8134 | AO10: =IFERROR(ABS((AL10-AM10)/AL10),"0") -> 47.456268
A11: FST-0311 | B11: M12 WASHER SS | C11: =_xlfn.XLOOKUP(A11,Fore!A:A,Fore!AC:AC) -> AX | D11: 0 | E11: =D11 -> 0 | F11: 0 | G11: =$C$1*D11+(1-$C$1)*E11 -> 0 | H11: 0 | I11: =$C$1*F11+(1-$C$1)*G11 -> 0 | J11: 1100 | K11: =$C$1*H11+(1-$C$1)*I11 -> 0 | L11: 1500.0002 | M11: =$C$1*J11+(1-$C$1)*K11 -> 330 | N11: 1689.9998 | O11: =$C$1*M11+(1-$C$1)*L11 -> 1149.0001 | P11: 1260 | Q11: =$C$1*N11+(1-$C$1)*O11 -> 1311.3 | R11: 2421 | S11: =$C$1*P11+(1-$C$1)*Q11 -> 1295.91 | T11: 1532 | U11: =$C$1*R11+(1-$C$1)*S11 -> 1633.437 | V11: 3266 | W11: =$C$1*T11+(1-$C$1)*U11 -> 1603.0059 | X11: 318 | Y11: =$C$1*V11+(1-$C$1)*W11 -> 2101.9041 | Z11: 0 | AA11: =$C$1*X11+(1-$C$1)*Y11 -> 1566.7329 | AB11: 1116 | AC11: =$C$1*Z11+(1-$C$1)*AA11 -> 1096.713 | AD11: 1957.15 | AE11: =$C$1*AB11+(1-$C$1)*AC11 -> 1102.4991 | AF11: 772 | AG11: =$C$1*AD11+(1-$C$1)*AE11 -> 1358.8944 | AH11: 2228 | AI11: =$C$1*AF11+(1-$C$1)*AG11 -> 1182.8261 | AJ11: 2150 | AK11: =$C$1*AH11+(1-$C$1)*AI11 -> 1496.3782 | AL11: 0 | AM11: =$C$1*AJ11+(1-$C$1)*AK11 -> 1692.4648 | AN11: =ABS(AL11-AM11) -> 1692.4648 | AO11: =IFERROR(ABS((AL11-AM11)/AL11),"0") -> 0
A12: 9562-0014-T | B12: M16x2.0 DIN 980 Class 10 Zinc Lock Nut | C12: =_xlfn.XLOOKUP(A12,Fore!A:A,Fore!AC:AC) -> AY | D12: 3400 | E12: =D12 -> 3400 | F12: 300 | G12: =$C$1*D12+(1-$C$1)*E12 -> 3400 | H12: 1868 | I12: =$C$1*F12+(1-$C$1)*G12 -> 2470 | J12: 24 | K12: =$C$1*H12+(1-$C$1)*I12 -> 2289.4 | L12: 305 | M12: =$C$1*J12+(1-$C$1)*K12 -> 1609.78 | N12: 880 | O12: =$C$1*M12+(1-$C$1)*L12 -> 696.434 | P12: 1690.0001 | Q12: =$C$1*N12+(1-$C$1)*O12 -> 751.5038 | R12: 927.9999 | S12: =$C$1*P12+(1-$C$1)*Q12 -> 1033.0527 | T12: 1500 | U12: =$C$1*R12+(1-$C$1)*S12 -> 1001.5369 | V12: 1700 | W12: =$C$1*T12+(1-$C$1)*U12 -> 1151.0758 | X12: 200 | Y12: =$C$1*V12+(1-$C$1)*W12 -> 1315.7531 | Z12: 100 | AA12: =$C$1*X12+(1-$C$1)*Y12 -> 981.02714 | AB12: 500 | AC12: =$C$1*Z12+(1-$C$1)*AA12 -> 716.719 | AD12: 43 | AE12: =$C$1*AB12+(1-$C$1)*AC12 -> 651.7033 | AF12: 260 | AG12: =$C$1*AD12+(1-$C$1)*AE12 -> 469.09231 | AH12: 1367 | AI12: =$C$1*AF12+(1-$C$1)*AG12 -> 406.36462 | AJ12: 1750 | AK12: =$C$1*AH12+(1-$C$1)*AI12 -> 694.55523 | AL12: 450 | AM12: =$C$1*AJ12+(1-$C$1)*AK12 -> 1011.1887 | AN12: =ABS(AL12-AM12) -> 561.18866 | AO12: =IFERROR(ABS((AL12-AM12)/AL12),"0") -> 1.2470859
A13: FST-0301 | B13: M10-1.5 HH Bolt x 40 Lg. SS | C13: =_xlfn.XLOOKUP(A13,Fore!A:A,Fore!AC:AC) -> AY | D13: 0 | E13: =D13 -> 0 | F13: 0 | G13: =$C$1*D13+(1-$C$1)*E13 -> 0 | H13: 0 | I13: =$C$1*F13+(1-$C$1)*G13 -> 0 | J13: 529.9994 | K13: =$C$1*H13+(1-$C$1)*I13 -> 0 | L13: 800 | M13: =$C$1*J13+(1-$C$1)*K13 -> 158.99982 | N13: 860 | O13: =$C$1*M13+(1-$C$1)*L13 -> 607.69995 | P13: 1550 | Q13: =$C$1*N13+(1-$C$1)*O13 -> 683.38996 | R13: 1059 | S13: =$C$1*P13+(1-$C$1)*Q13 -> 943.37297 | T13: 894 | U13: =$C$1*R13+(1-$C$1)*S13 -> 978.06108 | V13: 661 | W13: =$C$1*T13+(1-$C$1)*U13 -> 952.84276 | X13: 655 | Y13: =$C$1*V13+(1-$C$1)*W13 -> 865.28993 | Z13: 80 | AA13: =$C$1*X13+(1-$C$1)*Y13 -> 802.20295 | AB13: 340 | AC13: =$C$1*Z13+(1-$C$1)*AA13 -> 585.54207 | AD13: 1420 | AE13: =$C$1*AB13+(1-$C$1)*AC13 -> 511.87945 | AF13: 650 | AG13: =$C$1*AD13+(1-$C$1)*AE13 -> 784.31561 | AH13: 2090 | AI13: =$C$1*AF13+(1-$C$1)*AG13 -> 744.02093 | AJ13: 1600 | AK13: =$C$1*AH13+(1-$C$1)*AI13 -> 1147.8146 | AL13: 240 | AM13: =$C$1*AJ13+(1-$C$1)*AK13 -> 1283.4703 | AN13: =ABS(AL13-AM13) -> 1043.4703 | AO13: =IFERROR(ABS((AL13-AM13)/AL13),"0") -> 4.3477927
A14: FST-0310 | B14: M12-1.75 LOCKNUT SS | C14: =_xlfn.XLOOKUP(A14,Fore!A:A,Fore!AC:AC) -> AY | D14: 0 | E14: =D14 -> 0 | F14: 0 | G14: =$C$1*D14+(1-$C$1)*E14 -> 0 | H14: 0 | I14: =$C$1*F14+(1-$C$1)*G14 -> 0 | J14: 700 | K14: =$C$1*H14+(1-$C$1)*I14 -> 0 | L14: 200 | M14: =$C$1*J14+(1-$C$1)*K14 -> 210 | N14: 874 | O14: =$C$1*M14+(1-$C$1)*L14 -> 203 | P14: 640 | Q14: =$C$1*N14+(1-$C$1)*O14 -> 404.3 | R14: 1239.5461 | S14: =$C$1*P14+(1-$C$1)*Q14 -> 475.01 | T14: 1200.4539 | U14: =$C$1*R14+(1-$C$1)*S14 -> 704.37083 | V14: 1706 | W14: =$C$1*T14+(1-$C$1)*U14 -> 853.19575 | X14: 596 | Y14: =$C$1*V14+(1-$C$1)*W14 -> 1109.037 | Z14: 0 | AA14: =$C$1*X14+(1-$C$1)*Y14 -> 955.12592 | AB14: 300 | AC14: =$C$1*Z14+(1-$C$1)*AA14 -> 668.58814 | AD14: 1607.72 | AE14: =$C$1*AB14+(1-$C$1)*AC14 -> 558.0117 | AF14: 650 | AG14: =$C$1*AD14+(1-$C$1)*AE14 -> 872.92419 | AH14: 1240 | AI14: =$C$1*AF14+(1-$C$1)*AG14 -> 806.04693 | AJ14: 1175 | AK14: =$C$1*AH14+(1-$C$1)*AI14 -> 936.23285 | AL14: 39 | AM14: =$C$1*AJ14+(1-$C$1)*AK14 -> 1007.863 | AN14: =ABS(AL14-AM14) -> 968.863 | AO14: =IFERROR(ABS((AL14-AM14)/AL14),"0") -> 24.842641
A15: FST-0356 | B15: M4 WASHER SS304 | C15: =_xlfn.XLOOKUP(A15,Fore!A:A,Fore!AC:AC) -> AY | D15: 0 | E15: =D15 -> 0 | F15: 0 | G15: =$C$1*D15+(1-$C$1)*E15 -> 0 | H15: 0 | I15: =$C$1*F15+(1-$C$1)*G15 -> 0 | J15: 0 | K15: =$C$1*H15+(1-$C$1)*I15 -> 0 | L15: 0 | M15: =$C$1*J15+(1-$C$1)*K15 -> 0 | N15: 900.0003 | O15: =$C$1*M15+(1-$C$1)*L15 -> 0 | P15: 2233.3351 | Q15: =$C$1*N15+(1-$C$1)*O15 -> 270.00009 | R15: 0 | S15: =$C$1*P15+(1-$C$1)*Q15 -> 859.00059 | T15: 2366.6646 | U15: =$C$1*R15+(1-$C$1)*S15 -> 601.30042 | V15: 1000 | W15: =$C$1*T15+(1-$C$1)*U15 -> 1130.9097 | X15: 0 | Y15: =$C$1*V15+(1-$C$1)*W15 -> 1091.6368 | Z15: 0 | AA15: =$C$1*X15+(1-$C$1)*Y15 -> 764.14574 | AB15: 0 | AC15: =$C$1*Z15+(1-$C$1)*AA15 -> 534.90202 | AD15: 1000 | AE15: =$C$1*AB15+(1-$C$1)*AC15 -> 374.43141 | AF15: 1000 | AG15: =$C$1*AD15+(1-$C$1)*AE15 -> 562.10199 | AH15: 1000 | AI15: =$C$1*AF15+(1-$C$1)*AG15 -> 693.47139 | AJ15: 1142 | AK15: =$C$1*AH15+(1-$C$1)*AI15 -> 785.42997 | AL15: 0 | AM15: =$C$1*AJ15+(1-$C$1)*AK15 -> 892.40098 | AN15: =ABS(AL15-AM15) -> 892.40098 | AO15: =IFERROR(ABS((AL15-AM15)/AL15),"0") -> 0
A16: FST-0312 | B16: M10-1.5 NUT SS | C16: =_xlfn.XLOOKUP(A16,Fore!A:A,Fore!AC:AC) -> AZ | D16: 0 | E16: =D16 -> 0 | F16: 0 | G16: =$C$1*D16+(1-$C$1)*E16 -> 0 | H16: 0 | I16: =$C$1*F16+(1-$C$1)*G16 -> 0 | J16: 0 | K16: =$C$1*H16+(1-$C$1)*I16 -> 0 | L16: 315 | M16: =$C$1*J16+(1-$C$1)*K16 -> 0 | N16: 460 | O16: =$C$1*M16+(1-$C$1)*L16 -> 220.5 | P16: 295 | Q16: =$C$1*N16+(1-$C$1)*O16 -> 292.35 | R16: 1715.3332 | S16: =$C$1*P16+(1-$C$1)*Q16 -> 293.145 | T16: 800 | U16: =$C$1*R16+(1-$C$1)*S16 -> 719.80146 | V16: 3386 | W16: =$C$1*T16+(1-$C$1)*U16 -> 743.86102 | X16: 1473 | Y16: =$C$1*V16+(1-$C$1)*W16 -> 1536.5027 | Z16: 0 | AA16: =$C$1*X16+(1-$C$1)*Y16 -> 1517.4519 | AB16: 100 | AC16: =$C$1*Z16+(1-$C$1)*AA16 -> 1062.2163 | AD16: 0 | AE16: =$C$1*AB16+(1-$C$1)*AC16 -> 773.55143 | AF16: 350 | AG16: =$C$1*AD16+(1-$C$1)*AE16 -> 541.486 | AH16: 900 | AI16: =$C$1*AF16+(1-$C$1)*AG16 -> 484.0402 | AJ16: 49.9991 | AK16: =$C$1*AH16+(1-$C$1)*AI16 -> 608.82814 | AL16: 168.0009 | AM16: =$C$1*AJ16+(1-$C$1)*AK16 -> 441.17943 | AN16: =ABS(AL16-AM16) -> 273.17853 | AO16: =IFERROR(ABS((AL16-AM16)/AL16),"0") -> 1.626054
A17: FST-0337 | B17: M10 - 1.5 HH BOLT x 30mmLG SS | C17: =_xlfn.XLOOKUP(A17,Fore!A:A,Fore!AC:AC) -> AY | D17: 0 | E17: =D17 -> 0 | F17: 0 | G17: =$C$1*D17+(1-$C$1)*E17 -> 0 | H17: 0 | I17: =$C$1*F17+(1-$C$1)*G17 -> 0 | J17: 397 | K17: =$C$1*H17+(1-$C$1)*I17 -> 0 | L17: 938 | M17: =$C$1*J17+(1-$C$1)*K17 -> 119.1 | N17: 425 | O17: =$C$1*M17+(1-$C$1)*L17 -> 692.33 | P17: 449 | Q17: =$C$1*N17+(1-$C$1)*O17 -> 612.131 | R17: 1955 | S17: =$C$1*P17+(1-$C$1)*Q17 -> 563.1917 | T17: 1724 | U17: =$C$1*R17+(1-$C$1)*S17 -> 980.73419 | V17: 10 | W17: =$C$1*T17+(1-$C$1)*U17 -> 1203.7139 | X17: 466 | Y17: =$C$1*V17+(1-$C$1)*W17 -> 845.59975 | Z17: 133 | AA17: =$C$1*X17+(1-$C$1)*Y17 -> 731.71983 | AB17: 50 | AC17: =$C$1*Z17+(1-$C$1)*AA17 -> 552.10388 | AD17: 786 | AE17: =$C$1*AB17+(1-$C$1)*AC17 -> 401.47272 | AF17: 390 | AG17: =$C$1*AD17+(1-$C$1)*AE17 -> 516.8309 | AH17: 480 | AI17: =$C$1*AF17+(1-$C$1)*AG17 -> 478.78163 | AJ17: 1160 | AK17: =$C$1*AH17+(1-$C$1)*AI17 -> 479.14714 | AL17: 510 | AM17: =$C$1*AJ17+(1-$C$1)*AK17 -> 683.403 | AN17: =ABS(AL17-AM17) -> 173.403 | AO17: =IFERROR(ABS((AL17-AM17)/AL17),"0") -> 0.34000588
A18: FST-0286 | B18: M6-1.00 HH Bolt x 25 Lg. SS | C18: =_xlfn.XLOOKUP(A18,Fore!A:A,Fore!AC:AC) -> AY | D18: 0 | E18: =D18 -> 0 | F18: 0 | G18: =$C$1*D18+(1-$C$1)*E18 -> 0 | H18: 0 | I18: =$C$1*F18+(1-$C$1)*G18 -> 0 | J18: 0 | K18: =$C$1*H18+(1-$C$1)*I18 -> 0 | L18: 100 | M18: =$C$1*J18+(1-$C$1)*K18 -> 0 | N18: 0 | O18: =$C$1*M18+(1-$C$1)*L18 -> 70 | P18: 2200 | Q18: =$C$1*N18+(1-$C$1)*O18 -> 49 | R18: 1104 | S18: =$C$1*P18+(1-$C$1)*Q18 -> 694.3 | T18: 2640 | U18: =$C$1*R18+(1-$C$1)*S18 -> 817.21 | V18: 829 | W18: =$C$1*T18+(1-$C$1)*U18 -> 1364.047 | X18: 200 | Y18: =$C$1*V18+(1-$C$1)*W18 -> 1203.5329 | Z18: 0 | AA18: =$C$1*X18+(1-$C$1)*Y18 -> 902.47303 | AB18: 0 | AC18: =$C$1*Z18+(1-$C$1)*AA18 -> 631.73112 | AD18: 800 | AE18: =$C$1*AB18+(1-$C$1)*AC18 -> 442.21178 | AF18: 400 | AG18: =$C$1*AD18+(1-$C$1)*AE18 -> 549.54825 | AH18: 800 | AI18: =$C$1*AF18+(1-$C$1)*AG18 -> 504.68377 | AJ18: 0 | AK18: =$C$1*AH18+(1-$C$1)*AI18 -> 593.27864 | AL18: 0 | AM18: =$C$1*AJ18+(1-$C$1)*AK18 -> 415.29505 | AN18: =ABS(AL18-AM18) -> 415.29505 | AO18: =IFERROR(ABS((AL18-AM18)/AL18),"0") -> 0
A19: FST-0300 | B19: M10-1.5 HH Bolt x 35 Lg. SS | C19: =_xlfn.XLOOKUP(A19,Fore!A:A,Fore!AC:AC) -> BY | D19: 0 | E19: =D19 -> 0 | F19: 0 | G19: =$C$1*D19+(1-$C$1)*E19 -> 0 | H19: 0 | I19: =$C$1*F19+(1-$C$1)*G19 -> 0 | J19: 101 | K19: =$C$1*H19+(1-$C$1)*I19 -> 0 | L19: 115 | M19: =$C$1*J19+(1-$C$1)*K19 -> 30.3 | N19: 540 | O19: =$C$1*M19+(1-$C$1)*L19 -> 89.59 | P19: 1340 | Q19: =$C$1*N19+(1-$C$1)*O19 -> 224.713 | R19: 1471 | S19: =$C$1*P19+(1-$C$1)*Q19 -> 559.2991 | T19: 1160 | U19: =$C$1*R19+(1-$C$1)*S19 -> 832.80937 | V19: 400 | W19: =$C$1*T19+(1-$C$1)*U19 -> 930.96656 | X19: 591 | Y19: =$C$1*V19+(1-$C$1)*W19 -> 771.67659 | Z19: 0 | AA19: =$C$1*X19+(1-$C$1)*Y19 -> 717.47361 | AB19: 0 | AC19: =$C$1*Z19+(1-$C$1)*AA19 -> 502.23153 | AD19: 900 | AE19: =$C$1*AB19+(1-$C$1)*AC19 -> 351.56207 | AF19: 262 | AG19: =$C$1*AD19+(1-$C$1)*AE19 -> 516.09345 | AH19: 1060 | AI19: =$C$1*AF19+(1-$C$1)*AG19 -> 439.86541 | AJ19: 300 | AK19: =$C$1*AH19+(1-$C$1)*AI19 -> 625.90579 | AL19: 706 | AM19: =$C$1*AJ19+(1-$C$1)*AK19 -> 528.13405 | AN19: =ABS(AL19-AM19) -> 177.86595 | AO19: =IFERROR(ABS((AL19-AM19)/AL19),"0") -> 0.25193477
A20: FST-0379 | B20: M16x2.0 LOCK NUT PLATED GRADE 8.8 | C20: =_xlfn.XLOOKUP(A20,Fore!A:A,Fore!AC:AC) -> BY | D20: 0 | E20: =D20 -> 0 | F20: 0 | G20: =$C$1*D20+(1-$C$1)*E20 -> 0 | H20: 0 | I20: =$C$1*F20+(1-$C$1)*G20 -> 0 | J20: 398 | K20: =$C$1*H20+(1-$C$1)*I20 -> 0 | L20: 200 | M20: =$C$1*J20+(1-$C$1)*K20 -> 119.4 | N20: 500.0002 | O20: =$C$1*M20+(1-$C$1)*L20 -> 175.82 | P20: 1001.9998 | Q20: =$C$1*N20+(1-$C$1)*O20 -> 273.07406 | R20: 1060 | S20: =$C$1*P20+(1-$C$1)*Q20 -> 491.75178 | T20: 999.9984 | U20: =$C$1*R20+(1-$C$1)*S20 -> 662.22625 | V20: 1410 | W20: =$C$1*T20+(1-$C$1)*U20 -> 763.55789 | X20: 855 | Y20: =$C$1*V20+(1-$C$1)*W20 -> 957.49053 | Z20: 0 | AA20: =$C$1*X20+(1-$C$1)*Y20 -> 926.74337 | AB20: 550 | AC20: =$C$1*Z20+(1-$C$1)*AA20 -> 648.72036 | AD20: 350 | AE20: =$C$1*AB20+(1-$C$1)*AC20 -> 619.10425 | AF20: 300 | AG20: =$C$1*AD20+(1-$C$1)*AE20 -> 538.37298 | AH20: 24 | AI20: =$C$1*AF20+(1-$C$1)*AG20 -> 466.86108 | AJ20: 0 | AK20: =$C$1*AH20+(1-$C$1)*AI20 -> 334.00276 | AL20: 1111 | AM20: =$C$1*AJ20+(1-$C$1)*AK20 -> 233.80193 | AN20: =ABS(AL20-AM20) -> 877.19807 | AO20: =IFERROR(ABS((AL20-AM20)/AL20),"0") -> 0.78955722
A21: FST-0293 | B21: M8-1.25 HH Bolt x 25 Lg. SS | C21: =_xlfn.XLOOKUP(A21,Fore!A:A,Fore!AC:AC) -> BY | D21: 0 | E21: =D21 -> 0 | F21: 0 | G21: =$C$1*D21+(1-$C$1)*E21 -> 0 | H21: 0 | I21: =$C$1*F21+(1-$C$1)*G21 -> 0 | J21: 0 | K21: =$C$1*H21+(1-$C$1)*I21 -> 0 | L21: 1000 | M21: =$C$1*J21+(1-$C$1)*K21 -> 0 | N21: 0 | O21: =$C$1*M21+(1-$C$1)*L21 -> 700 | P21: 840 | Q21: =$C$1*N21+(1-$C$1)*O21 -> 490 | R21: 1487 | S21: =$C$1*P21+(1-$C$1)*Q21 -> 595 | T21: 870 | U21: =$C$1*R21+(1-$C$1)*S21 -> 862.6 | V21: 50 | W21: =$C$1*T21+(1-$C$1)*U21 -> 864.82 | X21: 400 | Y21: =$C$1*V21+(1-$C$1)*W21 -> 620.374 | Z21: 50 | AA21: =$C$1*X21+(1-$C$1)*Y21 -> 554.2618 | AB21: 250 | AC21: =$C$1*Z21+(1-$C$1)*AA21 -> 402.98326 | AD21: 750 | AE21: =$C$1*AB21+(1-$C$1)*AC21 -> 357.08828 | AF21: 750 | AG21: =$C$1*AD21+(1-$C$1)*AE21 -> 474.9618 | AH21: 1000 | AI21: =$C$1*AF21+(1-$C$1)*AG21 -> 557.47326 | AJ21: 850 | AK21: =$C$1*AH21+(1-$C$1)*AI21 -> 690.23128 | AL21: 228 | AM21: =$C$1*AJ21+(1-$C$1)*AK21 -> 738.1619 | AN21: =ABS(AL21-AM21) -> 510.1619 | AO21: =IFERROR(ABS((AL21-AM21)/AL21),"0") -> 2.2375522
A22: FST-0295 | B22: M8-1.25 HH Bolt x 30 Lg. SS | C22: =_xlfn.XLOOKUP(A22,Fore!A:A,Fore!AC:AC) -> BY | D22: 0 | E22: =D22 -> 0 | F22: 0 | G22: =$C$1*D22+(1-$C$1)*E22 -> 0 | H22: 0 | I22: =$C$1*F22+(1-$C$1)*G22 -> 0 | J22: 1000 | K22: =$C$1*H22+(1-$C$1)*I22 -> 0 | L22: 733 | M22: =$C$1*J22+(1-$C$1)*K22 -> 300 | N22: 720 | O22: =$C$1*M22+(1-$C$1)*L22 -> 603.1 | P22: 300 | Q22: =$C$1*N22+(1-$C$1)*O22 -> 638.17 | R22: 1559 | S22: =$C$1*P22+(1-$C$1)*Q22 -> 536.719 | T22: 960 | U22: =$C$1*R22+(1-$C$1)*S22 -> 843.4033 | V22: 116 | W22: =$C$1*T22+(1-$C$1)*U22 -> 878.38231 | X22: 300 | Y22: =$C$1*V22+(1-$C$1)*W22 -> 649.66762 | Z22: 100 | AA22: =$C$1*X22+(1-$C$1)*Y22 -> 544.76733 | AB22: 80 | AC22: =$C$1*Z22+(1-$C$1)*AA22 -> 411.33713 | AD22: 1004 | AE22: =$C$1*AB22+(1-$C$1)*AC22 -> 311.93599 | AF22: 300 | AG22: =$C$1*AD22+(1-$C$1)*AE22 -> 519.55519 | AH22: 0 | AI22: =$C$1*AF22+(1-$C$1)*AG22 -> 453.68864 | AJ22: 1000 | AK22: =$C$1*AH22+(1-$C$1)*AI22 -> 317.58205 | AL22: 230 | AM22: =$C$1*AJ22+(1-$C$1)*AK22 -> 522.30743 | AN22: =ABS(AL22-AM22) -> 292.30743 | AO22: =IFERROR(ABS((AL22-AM22)/AL22),"0") -> 1.2709019
A23: 047-2127-003 | B23: 5/8 HUCK BOLT 0.75-1GP (C50LR-BR20-12GA) | C23: =_xlfn.XLOOKUP(A23,Fore!A:A,Fore!AC:AC) -> BY | D23: 944 | E23: =D23 -> 944 | F23: 1080 | G23: =$C$1*D23+(1-$C$1)*E23 -> 944 | H23: 463 | I23: =$C$1*F23+(1-$C$1)*G23 -> 984.8 | J23: 0 | K23: =$C$1*H23+(1-$C$1)*I23 -> 828.26 | L23: 330 | M23: =$C$1*J23+(1-$C$1)*K23 -> 579.782 | N23: 0 | O23: =$C$1*M23+(1-$C$1)*L23 -> 404.9346 | P23: 440 | Q23: =$C$1*N23+(1-$C$1)*O23 -> 283.45422 | R23: 231 | S23: =$C$1*P23+(1-$C$1)*Q23 -> 330.41795 | T23: 550 | U23: =$C$1*R23+(1-$C$1)*S23 -> 300.59257 | V23: 0 | W23: =$C$1*T23+(1-$C$1)*U23 -> 375.4148 | X23: 200 | Y23: =$C$1*V23+(1-$C$1)*W23 -> 262.79036 | Z23: 42 | AA23: =$C$1*X23+(1-$C$1)*Y23 -> 243.95325 | AB23: 110 | AC23: =$C$1*Z23+(1-$C$1)*AA23 -> 183.36728 | AD23: 220 | AE23: =$C$1*AB23+(1-$C$1)*AC23 -> 161.35709 | AF23: 330 | AG23: =$C$1*AD23+(1-$C$1)*AE23 -> 178.94997 | AH23: 570 | AI23: =$C$1*AF23+(1-$C$1)*AG23 -> 224.26498 | AJ23: 630 | AK23: =$C$1*AH23+(1-$C$1)*AI23 -> 327.98548 | AL23: 0 | AM23: =$C$1*AJ23+(1-$C$1)*AK23 -> 418.58984 | AN23: =ABS(AL23-AM23) -> 418.58984 | AO23: =IFERROR(ABS((AL23-AM23)/AL23),"0") -> 0
A24: FAC0548 | B24: BLIND RIVET SS DIA3.2X9.6mm. No.4-4 | C24: =_xlfn.XLOOKUP(A24,Fore!A:A,Fore!AC:AC) -> BX | D24: 0 | E24: =D24 -> 0 | F24: 0 | G24: =$C$1*D24+(1-$C$1)*E24 -> 0 | H24: 0 | I24: =$C$1*F24+(1-$C$1)*G24 -> 0 | J24: 0 | K24: =$C$1*H24+(1-$C$1)*I24 -> 0 | L24: 1000 | M24: =$C$1*J24+(1-$C$1)*K24 -> 0 | N24: 0 | O24: =$C$1*M24+(1-$C$1)*L24 -> 700 | P24: 1000 | Q24: =$C$1*N24+(1-$C$1)*O24 -> 490 | R24: 0 | S24: =$C$1*P24+(1-$C$1)*Q24 -> 643 | T24: 0 | U24: =$C$1*R24+(1-$C$1)*S24 -> 450.1 | V24: 1000 | W24: =$C$1*T24+(1-$C$1)*U24 -> 315.07 | X24: 0 | Y24: =$C$1*V24+(1-$C$1)*W24 -> 520.549 | Z24: 0 | AA24: =$C$1*X24+(1-$C$1)*Y24 -> 364.3843 | AB24: 500 | AC24: =$C$1*Z24+(1-$C$1)*AA24 -> 255.06901 | AD24: 1222.22 | AE24: =$C$1*AB24+(1-$C$1)*AC24 -> 328.54831 | AF24: 0 | AG24: =$C$1*AD24+(1-$C$1)*AE24 -> 596.64981 | AH24: 1000 | AI24: =$C$1*AF24+(1-$C$1)*AG24 -> 417.65487 | AJ24: 0 | AK24: =$C$1*AH24+(1-$C$1)*AI24 -> 592.35841 | AL24: 0 | AM24: =$C$1*AJ24+(1-$C$1)*AK24 -> 414.65089 | AN24: =ABS(AL24-AM24) -> 414.65089 | AO24: =IFERROR(ABS((AL24-AM24)/AL24),"0") -> 0
A25: FST-0475 | B25: SELF DRILLING SCREW 1" SUS#8X1" JP | C25: =_xlfn.XLOOKUP(A25,Fore!A:A,Fore!AC:AC) -> BY | D25: 0 | E25: =D25 -> 0 | F25: 0 | G25: =$C$1*D25+(1-$C$1)*E25 -> 0 | H25: 0 | I25: =$C$1*F25+(1-$C$1)*G25 -> 0 | J25: 0 | K25: =$C$1*H25+(1-$C$1)*I25 -> 0 | L25: 0 | M25: =$C$1*J25+(1-$C$1)*K25 -> 0 | N25: 0 | O25: =$C$1*M25+(1-$C$1)*L25 -> 0 | P25: 1667 | Q25: =$C$1*N25+(1-$C$1)*O25 -> 0 | R25: 0 | S25: =$C$1*P25+(1-$C$1)*Q25 -> 500.1 | T25: 0 | U25: =$C$1*R25+(1-$C$1)*S25 -> 350.07 | V25: 1000 | W25: =$C$1*T25+(1-$C$1)*U25 -> 245.049 | X25: 0 | Y25: =$C$1*V25+(1-$C$1)*W25 -> 471.5343 | Z25: 0 | AA25: =$C$1*X25+(1-$C$1)*Y25 -> 330.07401 | AB25: 0 | AC25: =$C$1*Z25+(1-$C$1)*AA25 -> 231.05181 | AD25: 0 | AE25: =$C$1*AB25+(1-$C$1)*AC25 -> 161.73626 | AF25: 1000 | AG25: =$C$1*AD25+(1-$C$1)*AE25 -> 113.21539 | AH25: 0 | AI25: =$C$1*AF25+(1-$C$1)*AG25 -> 379.25077 | AJ25: 1000 | AK25: =$C$1*AH25+(1-$C$1)*AI25 -> 265.47554 | AL25: 1000 | AM25: =$C$1*AJ25+(1-$C$1)*AK25 -> 485.83288 | AN25: =ABS(AL25-AM25) -> 514.16712 | AO25: =IFERROR(ABS((AL25-AM25)/AL25),"0") -> 0.51416712
A26: FAC0642 | B26: CABLE TIE SIZE 14 1/2" xWide7.6 mm BLACK | C26: =_xlfn.XLOOKUP(A26,Fore!A:A,Fore!AC:AC) -> BY | D26: 0 | E26: =D26 -> 0 | F26: 0 | G26: =$C$1*D26+(1-$C$1)*E26 -> 0 | H26: 0 | I26: =$C$1*F26+(1-$C$1)*G26 -> 0 | J26: 0 | K26: =$C$1*H26+(1-$C$1)*I26 -> 0 | L26: 600 | M26: =$C$1*J26+(1-$C$1)*K26 -> 0 | N26: 100 | O26: =$C$1*M26+(1-$C$1)*L26 -> 420 | P26: 0 | Q26: =$C$1*N26+(1-$C$1)*O26 -> 324 | R26: 470 | S26: =$C$1*P26+(1-$C$1)*Q26 -> 226.8 | T26: 300 | U26: =$C$1*R26+(1-$C$1)*S26 -> 299.76 | V26: 600 | W26: =$C$1*T26+(1-$C$1)*U26 -> 299.832 | X26: 330 | Y26: =$C$1*V26+(1-$C$1)*W26 -> 389.8824 | Z26: 0 | AA26: =$C$1*X26+(1-$C$1)*Y26 -> 371.91768 | AB26: 100 | AC26: =$C$1*Z26+(1-$C$1)*AA26 -> 260.34238 | AD26: 728.55 | AE26: =$C$1*AB26+(1-$C$1)*AC26 -> 212.23966 | AF26: 600 | AG26: =$C$1*AD26+(1-$C$1)*AE26 -> 367.13276 | AH26: 300 | AI26: =$C$1*AF26+(1-$C$1)*AG26 -> 436.99293 | AJ26: 880 | AK26: =$C$1*AH26+(1-$C$1)*AI26 -> 395.89505 | AL26: 100 | AM26: =$C$1*AJ26+(1-$C$1)*AK26 -> 541.12654 | AN26: =ABS(AL26-AM26) -> 441.12654 | AO26: =IFERROR(ABS((AL26-AM26)/AL26),"0") -> 4.4112654
A27: FST-0390 | B27: NUT STUD SS. SIZE 1/2" - 13 NC | C27: =_xlfn.XLOOKUP(A27,Fore!A:A,Fore!AC:AC) -> BY | D27: 0 | E27: =D27 -> 0 | F27: 0 | G27: =$C$1*D27+(1-$C$1)*E27 -> 0 | H27: 0 | I27: =$C$1*F27+(1-$C$1)*G27 -> 0 | J27: 0 | K27: =$C$1*H27+(1-$C$1)*I27 -> 0 | L27: 500 | M27: =$C$1*J27+(1-$C$1)*K27 -> 0 | N27: 260 | O27: =$C$1*M27+(1-$C$1)*L27 -> 350 | P27: 0 | Q27: =$C$1*N27+(1-$C$1)*O27 -> 323 | R27: 500 | S27: =$C$1*P27+(1-$C$1)*Q27 -> 226.1 | T27: 500 | U27: =$C$1*R27+(1-$C$1)*S27 -> 308.27 | V27: 0 | W27: =$C$1*T27+(1-$C$1)*U27 -> 365.789 | X27: 0 | Y27: =$C$1*V27+(1-$C$1)*W27 -> 256.0523 | Z27: 128 | AA27: =$C$1*X27+(1-$C$1)*Y27 -> 179.23661 | AB27: 500 | AC27: =$C$1*Z27+(1-$C$1)*AA27 -> 163.86563 | AD27: 500 | AE27: =$C$1*AB27+(1-$C$1)*AC27 -> 264.70594 | AF27: 500 | AG27: =$C$1*AD27+(1-$C$1)*AE27 -> 335.29416 | AH27: 0 | AI27: =$C$1*AF27+(1-$C$1)*AG27 -> 384.70591 | AJ27: 500 | AK27: =$C$1*AH27+(1-$C$1)*AI27 -> 269.29414 | AL27: 1111 | AM27: =$C$1*AJ27+(1-$C$1)*AK27 -> 338.5059 | AN27: =ABS(AL27-AM27) -> 772.4941 | AO27: =IFERROR(ABS((AL27-AM27)/AL27),"0") -> 0.69531423
A28: FST-0367 | B28: 1/2" SPRING WASHER SS304 | C28: =_xlfn.XLOOKUP(A28,Fore!A:A,Fore!AC:AC) -> BY | D28: 0 | E28: =D28 -> 0 | F28: 0 | G28: =$C$1*D28+(1-$C$1)*E28 -> 0 | H28: 0 | I28: =$C$1*F28+(1-$C$1)*G28 -> 0 | J28: 0 | K28: =$C$1*H28+(1-$C$1)*I28 -> 0 | L28: 500 | M28: =$C$1*J28+(1-$C$1)*K28 -> 0 | N28: 500 | O28: =$C$1*M28+(1-$C$1)*L28 -> 350 | P28: 0 | Q28: =$C$1*N28+(1-$C$1)*O28 -> 395 | R28: 187 | S28: =$C$1*P28+(1-$C$1)*Q28 -> 276.5 | T28: 500 | U28: =$C$1*R28+(1-$C$1)*S28 -> 249.65 | V28: 0 | W28: =$C$1*T28+(1-$C$1)*U28 -> 324.755 | X28: 0 | Y28: =$C$1*V28+(1-$C$1)*W28 -> 227.3285 | Z28: 0 | AA28: =$C$1*X28+(1-$C$1)*Y28 -> 159.12995 | AB28: 600 | AC28: =$C$1*Z28+(1-$C$1)*AA28 -> 111.39096 | AD28: 100 | AE28: =$C$1*AB28+(1-$C$1)*AC28 -> 257.97368 | AF28: 500 | AG28: =$C$1*AD28+(1-$C$1)*AE28 -> 210.58157 | AH28: 1000 | AI28: =$C$1*AF28+(1-$C$1)*AG28 -> 297.4071 | AJ28: 0 | AK28: =$C$1*AH28+(1-$C$1)*AI28 -> 508.18497 | AL28: 1111 | AM28: =$C$1*AJ28+(1-$C$1)*AK28 -> 355.72948 | AN28: =ABS(AL28-AM28) -> 755.27052 | AO28: =IFERROR(ABS((AL28-AM28)/AL28),"0") -> 0.67981145
A29: FST-0332 | B29: M10-1.5 BOTTON HEAD SOCKET x 30mm LG. SS | C29: =_xlfn.XLOOKUP(A29,Fore!A:A,Fore!AC:AC) -> BY | D29: 0 | E29: =D29 -> 0 | F29: 0 | G29: =$C$1*D29+(1-$C$1)*E29 -> 0 | H29: 0 | I29: =$C$1*F29+(1-$C$1)*G29 -> 0 | J29: 200 | K29: =$C$1*H29+(1-$C$1)*I29 -> 0 | L29: 300 | M29: =$C$1*J29+(1-$C$1)*K29 -> 60 | N29: 200 | O29: =$C$1*M29+(1-$C$1)*L29 -> 228 | P29: 500 | Q29: =$C$1*N29+(1-$C$1)*O29 -> 219.6 | R29: 1190 | S29: =$C$1*P29+(1-$C$1)*Q29 -> 303.72 | T29: 600 | U29: =$C$1*R29+(1-$C$1)*S29 -> 569.604 | V29: 0 | W29: =$C$1*T29+(1-$C$1)*U29 -> 578.7228 | X29: 300 | Y29: =$C$1*V29+(1-$C$1)*W29 -> 405.10596 | Z29: 0 | AA29: =$C$1*X29+(1-$C$1)*Y29 -> 373.57417 | AB29: 0 | AC29: =$C$1*Z29+(1-$C$1)*AA29 -> 261.50192 | AD29: 642.9 | AE29: =$C$1*AB29+(1-$C$1)*AC29 -> 183.05134 | AF29: 0 | AG29: =$C$1*AD29+(1-$C$1)*AE29 -> 321.00594 | AH29: 700 | AI29: =$C$1*AF29+(1-$C$1)*AG29 -> 224.70416 | AJ29: 160 | AK29: =$C$1*AH29+(1-$C$1)*AI29 -> 367.29291 | AL29: 200 | AM29: =$C$1*AJ29+(1-$C$1)*AK29 -> 305.10504 | AN29: =ABS(AL29-AM29) -> 105.10504 | AO29: =IFERROR(ABS((AL29-AM29)/AL29),"0") -> 0.52552519
A30: FAC0380 | B30: SELF DRILLING HEX WASHER NO.14x1" | C30: =_xlfn.XLOOKUP(A30,Fore!A:A,Fore!AC:AC) -> BX | D30: 0 | E30: =D30 -> 0 | F30: 0 | G30: =$C$1*D30+(1-$C$1)*E30 -> 0 | H30: 0 | I30: =$C$1*F30+(1-$C$1)*G30 -> 0 | J30: 444 | K30: =$C$1*H30+(1-$C$1)*I30 -> 0 | L30: 0 | M30: =$C$1*J30+(1-$C$1)*K30 -> 133.2 | N30: 0 | O30: =$C$1*M30+(1-$C$1)*L30 -> 39.96 | P30: 900 | Q30: =$C$1*N30+(1-$C$1)*O30 -> 27.972 | R30: 800 | S30: =$C$1*P30+(1-$C$1)*Q30 -> 289.5804 | T30: 0 | U30: =$C$1*R30+(1-$C$1)*S30 -> 442.70628 | V30: 700 | W30: =$C$1*T30+(1-$C$1)*U30 -> 309.8944 | X30: 483 | Y30: =$C$1*V30+(1-$C$1)*W30 -> 426.92608 | Z30: 0 | AA30: =$C$1*X30+(1-$C$1)*Y30 -> 443.74825 | AB30: 0 | AC30: =$C$1*Z30+(1-$C$1)*AA30 -> 310.62378 | AD30: 1000 | AE30: =$C$1*AB30+(1-$C$1)*AC30 -> 217.43664 | AF30: 0 | AG30: =$C$1*AD30+(1-$C$1)*AE30 -> 452.20565 | AH30: 564 | AI30: =$C$1*AF30+(1-$C$1)*AG30 -> 316.54396 | AJ30: 0 | AK30: =$C$1*AH30+(1-$C$1)*AI30 -> 390.78077 | AL30: 0 | AM30: =$C$1*AJ30+(1-$C$1)*AK30 -> 273.54654 | AN30: =ABS(AL30-AM30) -> 273.54654 | AO30: =IFERROR(ABS((AL30-AM30)/AL30),"0") -> 0
A31: 9043-0018-055-T | B31: BOLT M16-2.0x55 DIN 931 Class 10.9 Zinc | C31: =_xlfn.XLOOKUP(A31,Fore!A:A,Fore!AC:AC) -> BY | D31: 425 | E31: =D31 -> 425 | F31: 475 | G31: =$C$1*D31+(1-$C$1)*E31 -> 425 | H31: 144.9999 | I31: =$C$1*F31+(1-$C$1)*G31 -> 440 | J31: 0 | K31: =$C$1*H31+(1-$C$1)*I31 -> 351.49997 | L31: 500 | M31: =$C$1*J31+(1-$C$1)*K31 -> 246.04998 | N31: 200 | O31: =$C$1*M31+(1-$C$1)*L31 -> 423.81499 | P31: 365 | Q31: =$C$1*N31+(1-$C$1)*O31 -> 356.6705 | R31: 450.0004 | S31: =$C$1*P31+(1-$C$1)*Q31 -> 359.16935 | T31: 500.9996 | U31: =$C$1*R31+(1-$C$1)*S31 -> 386.41866 | V31: 1049 | W31: =$C$1*T31+(1-$C$1)*U31 -> 420.79294 | X31: 0 | Y31: =$C$1*V31+(1-$C$1)*W31 -> 609.25506 | Z31: 0 | AA31: =$C$1*X31+(1-$C$1)*Y31 -> 426.47854 | AB31: 0 | AC31: =$C$1*Z31+(1-$C$1)*AA31 -> 298.53498 | AD31: 25 | AE31: =$C$1*AB31+(1-$C$1)*AC31 -> 208.97449 | AF31: 30 | AG31: =$C$1*AD31+(1-$C$1)*AE31 -> 153.78214 | AH31: 240 | AI31: =$C$1*AF31+(1-$C$1)*AG31 -> 116.6475 | AJ31: 205 | AK31: =$C$1*AH31+(1-$C$1)*AI31 -> 153.65325 | AL31: 54 | AM31: =$C$1*AJ31+(1-$C$1)*AK31 -> 169.05727 | AN31: =ABS(AL31-AM31) -> 115.05727 | AO31: =IFERROR(ABS((AL31-AM31)/AL31),"0") -> 2.1306903
A32: 9043-0018-065-T | B32: BOLT M16-2.0x65 DIN 931 Class 10.9 Zinc | C32: =_xlfn.XLOOKUP(A32,Fore!A:A,Fore!AC:AC) -> BY | D32: 640 | E32: =D32 -> 640 | F32: 120 | G32: =$C$1*D32+(1-$C$1)*E32 -> 640 | H32: 300 | I32: =$C$1*F32+(1-$C$1)*G32 -> 484 | J32: 0 | K32: =$C$1*H32+(1-$C$1)*I32 -> 428.8 | L32: 360 | M32: =$C$1*J32+(1-$C$1)*K32 -> 300.16 | N32: 400 | O32: =$C$1*M32+(1-$C$1)*L32 -> 342.048 | P32: 560 | Q32: =$C$1*N32+(1-$C$1)*O32 -> 359.4336 | R32: 260.0004 | S32: =$C$1*P32+(1-$C$1)*Q32 -> 419.60352 | T32: 770.9996 | U32: =$C$1*R32+(1-$C$1)*S32 -> 371.72258 | V32: 200 | W32: =$C$1*T32+(1-$C$1)*U32 -> 491.50569 | X32: 33.33 | Y32: =$C$1*V32+(1-$C$1)*W32 -> 404.05398 | Z32: 0 | AA32: =$C$1*X32+(1-$C$1)*Y32 -> 292.83679 | AB32: 0 | AC32: =$C$1*Z32+(1-$C$1)*AA32 -> 204.98575 | AD32: 0 | AE32: =$C$1*AB32+(1-$C$1)*AC32 -> 143.49003 | AF32: 230 | AG32: =$C$1*AD32+(1-$C$1)*AE32 -> 100.44302 | AH32: 170 | AI32: =$C$1*AF32+(1-$C$1)*AG32 -> 139.31011 | AJ32: 300 | AK32: =$C$1*AH32+(1-$C$1)*AI32 -> 148.51708 | AL32: 42 | AM32: =$C$1*AJ32+(1-$C$1)*AK32 -> 193.96196 | AN32: =ABS(AL32-AM32) -> 151.96196 | AO32: =IFERROR(ABS((AL32-AM32)/AL32),"0") -> 3.6181418
A33: FST-0335 | B33: M12 - 1.75 HH BOLT x 45mmLG SS | C33: =_xlfn.XLOOKUP(A33,Fore!A:A,Fore!AC:AC) -> BY | D33: 0 | E33: =D33 -> 0 | F33: 0 | G33: =$C$1*D33+(1-$C$1)*E33 -> 0 | H33: 0 | I33: =$C$1*F33+(1-$C$1)*G33 -> 0 | J33: 80 | K33: =$C$1*H33+(1-$C$1)*I33 -> 0 | L33: 400 | M33: =$C$1*J33+(1-$C$1)*K33 -> 24 | N33: 300 | O33: =$C$1*M33+(1-$C$1)*L33 -> 287.2 | P33: 510 | Q33: =$C$1*N33+(1-$C$1)*O33 -> 291.04 | R33: 605 | S33: =$C$1*P33+(1-$C$1)*Q33 -> 356.728 | T33: 900 | U33: =$C$1*R33+(1-$C$1)*S33 -> 431.2096 | V33: 0 | W33: =$C$1*T33+(1-$C$1)*U33 -> 571.84672 | X33: 200 | Y33: =$C$1*V33+(1-$C$1)*W33 -> 400.2927 | Z33: 0 | AA33: =$C$1*X33+(1-$C$1)*Y33 -> 340.20489 | AB33: 0 | AC33: =$C$1*Z33+(1-$C$1)*AA33 -> 238.14342 | AD33: 428.55 | AE33: =$C$1*AB33+(1-$C$1)*AC33 -> 166.7004 | AF33: 350 | AG33: =$C$1*AD33+(1-$C$1)*AE33 -> 245.25528 | AH33: 300 | AI33: =$C$1*AF33+(1-$C$1)*AG33 -> 276.67869 | AJ33: 0 | AK33: =$C$1*AH33+(1-$C$1)*AI33 -> 283.67509 | AL33: 200 | AM33: =$C$1*AJ33+(1-$C$1)*AK33 -> 198.57256 | AN33: =ABS(AL33-AM33) -> 1.4274396 | AO33: =IFERROR(ABS((AL33-AM33)/AL33),"0") -> 0.0071371978
A34: FST-0307 | B34: M12-1.75 HH BOLT 40 LG. A2-70 SS304 | C34: =_xlfn.XLOOKUP(A34,Fore!A:A,Fore!AC:AC) -> BY | D34: 0 | E34: =D34 -> 0 | F34: 0 | G34: =$C$1*D34+(1-$C$1)*E34 -> 0 | H34: 0 | I34: =$C$1*F34+(1-$C$1)*G34 -> 0 | J34: 200.6665 | K34: =$C$1*H34+(1-$C$1)*I34 -> 0 | L34: 100.0002 | M34: =$C$1*J34+(1-$C$1)*K34 -> 60.19995 | N34: 200 | O34: =$C$1*M34+(1-$C$1)*L34 -> 88.060125 | P34: 632 | Q34: =$C$1*N34+(1-$C$1)*O34 -> 121.64209 | R34: 518 | S34: =$C$1*P34+(1-$C$1)*Q34 -> 274.74946 | T34: 481.9998 | U34: =$C$1*R34+(1-$C$1)*S34 -> 347.72462 | V34: 200 | W34: =$C$1*T34+(1-$C$1)*U34 -> 388.00718 | X34: 50 | Y34: =$C$1*V34+(1-$C$1)*W34 -> 331.60502 | Z34: 0 | AA34: =$C$1*X34+(1-$C$1)*Y34 -> 247.12352 | AB34: 0 | AC34: =$C$1*Z34+(1-$C$1)*AA34 -> 172.98646 | AD34: 308.55 | AE34: =$C$1*AB34+(1-$C$1)*AC34 -> 121.09052 | AF34: 518 | AG34: =$C$1*AD34+(1-$C$1)*AE34 -> 177.32837 | AH34: 560 | AI34: =$C$1*AF34+(1-$C$1)*AG34 -> 279.52986 | AJ34: 160 | AK34: =$C$1*AH34+(1-$C$1)*AI34 -> 363.6709 | AL34: 0 | AM34: =$C$1*AJ34+(1-$C$1)*AK34 -> 302.56963 | AN34: =ABS(AL34-AM34) -> 302.56963 | AO34: =IFERROR(ABS((AL34-AM34)/AL34),"0") -> 0
A35: FST-0318 | B35: M6-1.00 HH BOLT X 16mmLG. SS | C35: =_xlfn.XLOOKUP(A35,Fore!A:A,Fore!AC:AC) -> BY | D35: 0 | E35: =D35 -> 0 | F35: 0 | G35: =$C$1*D35+(1-$C$1)*E35 -> 0 | H35: 0 | I35: =$C$1*F35+(1-$C$1)*G35 -> 0 | J35: 200 | K35: =$C$1*H35+(1-$C$1)*I35 -> 0 | L35: 600 | M35: =$C$1*J35+(1-$C$1)*K35 -> 60 | N35: 0 | O35: =$C$1*M35+(1-$C$1)*L35 -> 438 | P35: 0 | Q35: =$C$1*N35+(1-$C$1)*O35 -> 306.6 | R35: 520 | S35: =$C$1*P35+(1-$C$1)*Q35 -> 214.62 | T35: 387 | U35: =$C$1*R35+(1-$C$1)*S35 -> 306.234 | V35: 20 | W35: =$C$1*T35+(1-$C$1)*U35 -> 330.4638 | X35: 400 | Y35: =$C$1*V35+(1-$C$1)*W35 -> 237.32466 | Z35: 0 | AA35: =$C$1*X35+(1-$C$1)*Y35 -> 286.12726 | AB35: 1200 | AC35: =$C$1*Z35+(1-$C$1)*AA35 -> 200.28908 | AD35: 0 | AE35: =$C$1*AB35+(1-$C$1)*AC35 -> 500.20236 | AF35: 0 | AG35: =$C$1*AD35+(1-$C$1)*AE35 -> 350.14165 | AH35: 0 | AI35: =$C$1*AF35+(1-$C$1)*AG35 -> 245.09916 | AJ35: 600 | AK35: =$C$1*AH35+(1-$C$1)*AI35 -> 171.56941 | AL35: 0 | AM35: =$C$1*AJ35+(1-$C$1)*AK35 -> 300.09859 | AN35: =ABS(AL35-AM35) -> 300.09859 | AO35: =IFERROR(ABS((AL35-AM35)/AL35),"0") -> 0
A36: FST-0114 | B36: 3/8-16 NC NYLOCK NUT | C36: =_xlfn.XLOOKUP(A36,Fore!A:A,Fore!AC:AC) -> BX | D36: 0 | E36: =D36 -> 0 | F36: 0 | G36: =$C$1*D36+(1-$C$1)*E36 -> 0 | H36: 0 | I36: =$C$1*F36+(1-$C$1)*G36 -> 0 | J36: 300 | K36: =$C$1*H36+(1-$C$1)*I36 -> 0 | L36: 0 | M36: =$C$1*J36+(1-$C$1)*K36 -> 90 | N36: 400 | O36: =$C$1*M36+(1-$C$1)*L36 -> 27 | P36: 0 | Q36: =$C$1*N36+(1-$C$1)*O36 -> 138.9 | R36: 600 | S36: =$C$1*P36+(1-$C$1)*Q36 -> 97.23 | T36: 398 | U36: =$C$1*R36+(1-$C$1)*S36 -> 248.061 | V36: 700 | W36: =$C$1*T36+(1-$C$1)*U36 -> 293.0427 | X36: 100 | Y36: =$C$1*V36+(1-$C$1)*W36 -> 415.12989 | Z36: 0 | AA36: =$C$1*X36+(1-$C$1)*Y36 -> 320.59092 | AB36: 0 | AC36: =$C$1*Z36+(1-$C$1)*AA36 -> 224.41365 | AD36: 365 | AE36: =$C$1*AB36+(1-$C$1)*AC36 -> 157.08955 | AF36: 200 | AG36: =$C$1*AD36+(1-$C$1)*AE36 -> 219.46269 | AH36: 200 | AI36: =$C$1*AF36+(1-$C$1)*AG36 -> 213.62388 | AJ36: 400 | AK36: =$C$1*AH36+(1-$C$1)*AI36 -> 209.53672 | AL36: 0 | AM36: =$C$1*AJ36+(1-$C$1)*AK36 -> 266.6757 | AN36: =ABS(AL36-AM36) -> 266.6757 | AO36: =IFERROR(ABS((AL36-AM36)/AL36),"0") -> 0
A37: FAC0398 | B37: CABLE TIE SIZE 20-21 1/16" x W8-8.8mm BK | C37: =_xlfn.XLOOKUP(A37,Fore!A:A,Fore!AC:AC) -> BY | D37: 0 | E37: =D37 -> 0 | F37: 0 | G37: =$C$1*D37+(1-$C$1)*E37 -> 0 | H37: 0 | I37: =$C$1*F37+(1-$C$1)*G37 -> 0 | J37: 100 | K37: =$C$1*H37+(1-$C$1)*I37 -> 0 | L37: 400 | M37: =$C$1*J37+(1-$C$1)*K37 -> 30 | N37: 200 | O37: =$C$1*M37+(1-$C$1)*L37 -> 289 | P37: 220 | Q37: =$C$1*N37+(1-$C$1)*O37 -> 262.3 | R37: 0 | S37: =$C$1*P37+(1-$C$1)*Q37 -> 249.61 | T37: 600 | U37: =$C$1*R37+(1-$C$1)*S37 -> 174.727 | V37: 200 | W37: =$C$1*T37+(1-$C$1)*U37 -> 302.3089 | X37: 173 | Y37: =$C$1*V37+(1-$C$1)*W37 -> 271.61623 | Z37: 0 | AA37: =$C$1*X37+(1-$C$1)*Y37 -> 242.03136 | AB37: 100 | AC37: =$C$1*Z37+(1-$C$1)*AA37 -> 169.42195 | AD37: 300 | AE37: =$C$1*AB37+(1-$C$1)*AC37 -> 148.59537 | AF37: 400 | AG37: =$C$1*AD37+(1-$C$1)*AE37 -> 194.01676 | AH37: 100 | AI37: =$C$1*AF37+(1-$C$1)*AG37 -> 255.81173 | AJ37: 500 | AK37: =$C$1*AH37+(1-$C$1)*AI37 -> 209.06821 | AL37: 0 | AM37: =$C$1*AJ37+(1-$C$1)*AK37 -> 296.34775 | AN37: =ABS(AL37-AM37) -> 296.34775 | AO37: =IFERROR(ABS((AL37-AM37)/AL37),"0") -> 0
A38: FST-0288 | B38: M6-1.00 HH Bolt x 20 Lg. SS | C38: =_xlfn.XLOOKUP(A38,Fore!A:A,Fore!AC:AC) -> BY | D38: 0 | E38: =D38 -> 0 | F38: 0 | G38: =$C$1*D38+(1-$C$1)*E38 -> 0 | H38: 0 | I38: =$C$1*F38+(1-$C$1)*G38 -> 0 | J38: 200 | K38: =$C$1*H38+(1-$C$1)*I38 -> 0 | L38: 500 | M38: =$C$1*J38+(1-$C$1)*K38 -> 60 | N38: 420 | O38: =$C$1*M38+(1-$C$1)*L38 -> 368 | P38: 320 | Q38: =$C$1*N38+(1-$C$1)*O38 -> 383.6 | R38: 895.8343 | S38: =$C$1*P38+(1-$C$1)*Q38 -> 364.52 | T38: 425.1657 | U38: =$C$1*R38+(1-$C$1)*S38 -> 523.91429 | V38: 200 | W38: =$C$1*T38+(1-$C$1)*U38 -> 494.28971 | X38: 200 | Y38: =$C$1*V38+(1-$C$1)*W38 -> 406.0028 | Z38: 0 | AA38: =$C$1*X38+(1-$C$1)*Y38 -> 344.20196 | AB38: 0 | AC38: =$C$1*Z38+(1-$C$1)*AA38 -> 240.94137 | AD38: 0 | AE38: =$C$1*AB38+(1-$C$1)*AC38 -> 168.65896 | AF38: 42 | AG38: =$C$1*AD38+(1-$C$1)*AE38 -> 118.06127 | AH38: 0 | AI38: =$C$1*AF38+(1-$C$1)*AG38 -> 95.24289 | AJ38: 0 | AK38: =$C$1*AH38+(1-$C$1)*AI38 -> 66.670023 | AL38: 0 | AM38: =$C$1*AJ38+(1-$C$1)*AK38 -> 46.669016 | AN38: =ABS(AL38-AM38) -> 46.669016 | AO38: =IFERROR(ABS((AL38-AM38)/AL38),"0") -> 0
A39: 9043-0069-045-T | C39: =_xlfn.XLOOKUP(A39,Fore!A:A,Fore!AC:AC) -> BY | D39: 336 | E39: =D39 -> 336 | F39: 196 | G39: =$C$1*D39+(1-$C$1)*E39 -> 336 | H39: 256 | I39: =$C$1*F39+(1-$C$1)*G39 -> 294 | J39: 44 | K39: =$C$1*H39+(1-$C$1)*I39 -> 282.6 | L39: 100 | M39: =$C$1*J39+(1-$C$1)*K39 -> 211.02 | N39: 84 | O39: =$C$1*M39+(1-$C$1)*L39 -> 133.306 | P39: 28 | Q39: =$C$1*N39+(1-$C$1)*O39 -> 118.5142 | R39: 116 | S39: =$C$1*P39+(1-$C$1)*Q39 -> 91.35994 | T39: 272 | U39: =$C$1*R39+(1-$C$1)*S39 -> 98.751958 | V39: 84 | W39: =$C$1*T39+(1-$C$1)*U39 -> 150.72637 | X39: 84 | Y39: =$C$1*V39+(1-$C$1)*W39 -> 130.70846 | Z39: 178 | AA39: =$C$1*X39+(1-$C$1)*Y39 -> 116.69592 | AB39: 250 | AC39: =$C$1*Z39+(1-$C$1)*AA39 -> 135.08715 | AD39: 168 | AE39: =$C$1*AB39+(1-$C$1)*AC39 -> 169.561 | AF39: 304 | AG39: =$C$1*AD39+(1-$C$1)*AE39 -> 169.0927 | AH39: 140 | AI39: =$C$1*AF39+(1-$C$1)*AG39 -> 209.56489 | AJ39: 332 | AK39: =$C$1*AH39+(1-$C$1)*AI39 -> 188.69542 | AL39: 92 | AM39: =$C$1*AJ39+(1-$C$1)*AK39 -> 231.6868 | AN39: =ABS(AL39-AM39) -> 139.6868 | AO39: =IFERROR(ABS((AL39-AM39)/AL39),"0") -> 1.5183347
A40: FST-0552 | B40: M6 JP BOLT x 30 mm LG SS304 | C40: =_xlfn.XLOOKUP(A40,Fore!A:A,Fore!AC:AC) -> BY | D40: 0 | E40: =D40 -> 0 | F40: 0 | G40: =$C$1*D40+(1-$C$1)*E40 -> 0 | H40: 0 | I40: =$C$1*F40+(1-$C$1)*G40 -> 0 | J40: 0 | K40: =$C$1*H40+(1-$C$1)*I40 -> 0 | L40: 0 | M40: =$C$1*J40+(1-$C$1)*K40 -> 0 | N40: 0 | O40: =$C$1*M40+(1-$C$1)*L40 -> 0 | P40: 0 | Q40: =$C$1*N40+(1-$C$1)*O40 -> 0 | R40: 0 | S40: =$C$1*P40+(1-$C$1)*Q40 -> 0 | T40: 555.5556 | U40: =$C$1*R40+(1-$C$1)*S40 -> 0 | V40: 0 | W40: =$C$1*T40+(1-$C$1)*U40 -> 166.66668 | X40: 0 | Y40: =$C$1*V40+(1-$C$1)*W40 -> 116.66668 | Z40: 0 | AA40: =$C$1*X40+(1-$C$1)*Y40 -> 81.666673 | AB40: 0 | AC40: =$C$1*Z40+(1-$C$1)*AA40 -> 57.166671 | AD40: 0 | AE40: =$C$1*AB40+(1-$C$1)*AC40 -> 40.01667 | AF40: 500 | AG40: =$C$1*AD40+(1-$C$1)*AE40 -> 28.011669 | AH40: 0 | AI40: =$C$1*AF40+(1-$C$1)*AG40 -> 169.60817 | AJ40: 0 | AK40: =$C$1*AH40+(1-$C$1)*AI40 -> 118.72572 | AL40: 2000 | AM40: =$C$1*AJ40+(1-$C$1)*AK40 -> 83.108002 | AN40: =ABS(AL40-AM40) -> 1916.892 | AO40: =IFERROR(ABS((AL40-AM40)/AL40),"0") -> 0.958446
A41: FST-0294 | B41: M8-1.25 HH Bolt x 20 Lg. SS | C41: =_xlfn.XLOOKUP(A41,Fore!A:A,Fore!AC:AC) -> BY | D41: 0 | E41: =D41 -> 0 | F41: 0 | G41: =$C$1*D41+(1-$C$1)*E41 -> 0 | H41: 0 | I41: =$C$1*F41+(1-$C$1)*G41 -> 0 | J41: 0 | K41: =$C$1*H41+(1-$C$1)*I41 -> 0 | L41: 0 | M41: =$C$1*J41+(1-$C$1)*K41 -> 0 | N41: 0 | O41: =$C$1*M41+(1-$C$1)*L41 -> 0 | P41: 262.5 | Q41: =$C$1*N41+(1-$C$1)*O41 -> 0 | R41: 1650 | S41: =$C$1*P41+(1-$C$1)*Q41 -> 78.75 | T41: 0 | U41: =$C$1*R41+(1-$C$1)*S41 -> 550.125 | V41: 0 | W41: =$C$1*T41+(1-$C$1)*U41 -> 385.0875 | X41: 300 | Y41: =$C$1*V41+(1-$C$1)*W41 -> 269.56125 | Z41: 0 | AA41: =$C$1*X41+(1-$C$1)*Y41 -> 278.69287 | AB41: 0 | AC41: =$C$1*Z41+(1-$C$1)*AA41 -> 195.08501 | AD41: 5 | AE41: =$C$1*AB41+(1-$C$1)*AC41 -> 136.55951 | AF41: 800 | AG41: =$C$1*AD41+(1-$C$1)*AE41 -> 97.091656 | AH41: 0 | AI41: =$C$1*AF41+(1-$C$1)*AG41 -> 307.96416 | AJ41: 0 | AK41: =$C$1*AH41+(1-$C$1)*AI41 -> 215.57491 | AL41: 0 | AM41: =$C$1*AJ41+(1-$C$1)*AK41 -> 150.90244 | AN41: =ABS(AL41-AM41) -> 150.90244 | AO41: =IFERROR(ABS((AL41-AM41)/AL41),"0") -> 0
A42: FST-0548 | B42: M6 JP BOLT x 15 SmmLG SS304 | C42: =_xlfn.XLOOKUP(A42,Fore!A:A,Fore!AC:AC) -> BY | D42: 0 | E42: =D42 -> 0 | F42: 0 | G42: =$C$1*D42+(1-$C$1)*E42 -> 0 | H42: 0 | I42: =$C$1*F42+(1-$C$1)*G42 -> 0 | J42: 0 | K42: =$C$1*H42+(1-$C$1)*I42 -> 0 | L42: 0 | M42: =$C$1*J42+(1-$C$1)*K42 -> 0 | N42: 1000 | O42: =$C$1*M42+(1-$C$1)*L42 -> 0 | P42: 0 | Q42: =$C$1*N42+(1-$C$1)*O42 -> 300 | R42: 0 | S42: =$C$1*P42+(1-$C$1)*Q42 -> 210 | T42: 0 | U42: =$C$1*R42+(1-$C$1)*S42 -> 147 | V42: 0 | W42: =$C$1*T42+(1-$C$1)*U42 -> 102.9 | X42: 0 | Y42: =$C$1*V42+(1-$C$1)*W42 -> 72.03 | Z42: 0 | AA42: =$C$1*X42+(1-$C$1)*Y42 -> 50.421 | AB42: 1000 | AC42: =$C$1*Z42+(1-$C$1)*AA42 -> 35.2947 | AD42: 1000 | AE42: =$C$1*AB42+(1-$C$1)*AC42 -> 324.70629 | AF42: 0 | AG42: =$C$1*AD42+(1-$C$1)*AE42 -> 527.2944 | AH42: 0 | AI42: =$C$1*AF42+(1-$C$1)*AG42 -> 369.10608 | AJ42: 0 | AK42: =$C$1*AH42+(1-$C$1)*AI42 -> 258.37426 | AL42: 0 | AM42: =$C$1*AJ42+(1-$C$1)*AK42 -> 180.86198 | AN42: =ABS(AL42-AM42) -> 180.86198 | AO42: =IFERROR(ABS((AL42-AM42)/AL42),"0") -> 0
A43: FAC0508 | B43: ALUMINIUM OXIDE NO. 60 | C43: =_xlfn.XLOOKUP(A43,Fore!A:A,Fore!AC:AC) -> BY | D43: 0 | E43: =D43 -> 0 | F43: 0 | G43: =$C$1*D43+(1-$C$1)*E43 -> 0 | H43: 0 | I43: =$C$1*F43+(1-$C$1)*G43 -> 0 | J43: 400 | K43: =$C$1*H43+(1-$C$1)*I43 -> 0 | L43: 200 | M43: =$C$1*J43+(1-$C$1)*K43 -> 120 | N43: 224.9759 | O43: =$C$1*M43+(1-$C$1)*L43 -> 176 | P43: 100.0241 | Q43: =$C$1*N43+(1-$C$1)*O43 -> 190.69277 | R43: 425 | S43: =$C$1*P43+(1-$C$1)*Q43 -> 163.49217 | T43: 452.7587 | U43: =$C$1*R43+(1-$C$1)*S43 -> 241.94452 | V43: 125 | W43: =$C$1*T43+(1-$C$1)*U43 -> 305.18877 | X43: 125 | Y43: =$C$1*V43+(1-$C$1)*W43 -> 251.13214 | Z43: 100 | AA43: =$C$1*X43+(1-$C$1)*Y43 -> 213.2925 | AB43: 0 | AC43: =$C$1*Z43+(1-$C$1)*AA43 -> 179.30475 | AD43: 0 | AE43: =$C$1*AB43+(1-$C$1)*AC43 -> 125.51332 | AF43: 350 | AG43: =$C$1*AD43+(1-$C$1)*AE43 -> 87.859327 | AH43: 0 | AI43: =$C$1*AF43+(1-$C$1)*AG43 -> 166.50153 | AJ43: 300 | AK43: =$C$1*AH43+(1-$C$1)*AI43 -> 116.55107 | AL43: 0 | AM43: =$C$1*AJ43+(1-$C$1)*AK43 -> 171.58575 | AN43: =ABS(AL43-AM43) -> 171.58575 | AO43: =IFERROR(ABS((AL43-AM43)/AL43),"0") -> 0
A44: 9965-0038-T | B44: FLAT WASHER M14 CLASS10 ZINC PLATED | C44: =_xlfn.XLOOKUP(A44,Fore!A:A,Fore!AC:AC) -> BY | D44: 0 | E44: =D44 -> 0 | F44: 0 | G44: =$C$1*D44+(1-$C$1)*E44 -> 0 | H44: 416 | I44: =$C$1*F44+(1-$C$1)*G44 -> 0 | J44: 64 | K44: =$C$1*H44+(1-$C$1)*I44 -> 124.8 | L44: 128 | M44: =$C$1*J44+(1-$C$1)*K44 -> 106.56 | N44: 96 | O44: =$C$1*M44+(1-$C$1)*L44 -> 121.568 | P44: 32 | Q44: =$C$1*N44+(1-$C$1)*O44 -> 113.8976 | R44: 160 | S44: =$C$1*P44+(1-$C$1)*Q44 -> 89.32832 | T44: 320 | U44: =$C$1*R44+(1-$C$1)*S44 -> 110.52982 | V44: 96 | W44: =$C$1*T44+(1-$C$1)*U44 -> 173.37088 | X44: 96 | Y44: =$C$1*V44+(1-$C$1)*W44 -> 150.15961 | Z44: 32 | AA44: =$C$1*X44+(1-$C$1)*Y44 -> 133.91173 | AB44: 0 | AC44: =$C$1*Z44+(1-$C$1)*AA44 -> 103.33821 | AD44: 192 | AE44: =$C$1*AB44+(1-$C$1)*AC44 -> 72.336748 | AF44: 412 | AG44: =$C$1*AD44+(1-$C$1)*AE44 -> 108.23572 | AH44: 310 | AI44: =$C$1*AF44+(1-$C$1)*AG44 -> 199.36501 | AJ44: 384 | AK44: =$C$1*AH44+(1-$C$1)*AI44 -> 232.5555 | AL44: 64 | AM44: =$C$1*AJ44+(1-$C$1)*AK44 -> 277.98885 | AN44: =ABS(AL44-AM44) -> 213.98885 | AO44: =IFERROR(ABS((AL44-AM44)/AL44),"0") -> 3.3435758
A45: FST-0381 | B45: M4 LOCK NUT SS304 | C45: =_xlfn.XLOOKUP(A45,Fore!A:A,Fore!AC:AC) -> BY | D45: 0 | E45: =D45 -> 0 | F45: 0 | G45: =$C$1*D45+(1-$C$1)*E45 -> 0 | H45: 0 | I45: =$C$1*F45+(1-$C$1)*G45 -> 0 | J45: 0 | K45: =$C$1*H45+(1-$C$1)*I45 -> 0 | L45: 0 | M45: =$C$1*J45+(1-$C$1)*K45 -> 0 | N45: 0 | O45: =$C$1*M45+(1-$C$1)*L45 -> 0 | P45: 1800 | Q45: =$C$1*N45+(1-$C$1)*O45 -> 0 | R45: 0 | S45: =$C$1*P45+(1-$C$1)*Q45 -> 540 | T45: 0 | U45: =$C$1*R45+(1-$C$1)*S45 -> 378 | V45: 800 | W45: =$C$1*T45+(1-$C$1)*U45 -> 264.6 | X45: 0 | Y45: =$C$1*V45+(1-$C$1)*W45 -> 425.22 | Z45: 0 | AA45: =$C$1*X45+(1-$C$1)*Y45 -> 297.654 | AB45: 0 | AC45: =$C$1*Z45+(1-$C$1)*AA45 -> 208.3578 | AD45: 0 | AE45: =$C$1*AB45+(1-$C$1)*AC45 -> 145.85046 | AF45: 200 | AG45: =$C$1*AD45+(1-$C$1)*AE45 -> 102.09532 | AH45: 0 | AI45: =$C$1*AF45+(1-$C$1)*AG45 -> 131.46673 | AJ45: 0 | AK45: =$C$1*AH45+(1-$C$1)*AI45 -> 92.026708 | AL45: 0 | AM45: =$C$1*AJ45+(1-$C$1)*AK45 -> 64.418695 | AN45: =ABS(AL45-AM45) -> 64.418695 | AO45: =IFERROR(ABS((AL45-AM45)/AL45),"0") -> 0
A46: FAC0233 | B46: INSULATED TERMINAL"RING TYPE" 5.3 mm#2-5 | C46: =_xlfn.XLOOKUP(A46,Fore!A:A,Fore!AC:AC) -> BY | D46: 0 | E46: =D46 -> 0 | F46: 0 | G46: =$C$1*D46+(1-$C$1)*E46 -> 0 | H46: 0 | I46: =$C$1*F46+(1-$C$1)*G46 -> 0 | J46: 250 | K46: =$C$1*H46+(1-$C$1)*I46 -> 0 | L46: 0 | M46: =$C$1*J46+(1-$C$1)*K46 -> 75 | N46: 0 | O46: =$C$1*M46+(1-$C$1)*L46 -> 22.5 | P46: 0 | Q46: =$C$1*N46+(1-$C$1)*O46 -> 15.75 | R46: 0 | S46: =$C$1*P46+(1-$C$1)*Q46 -> 11.025 | T46: 0 | U46: =$C$1*R46+(1-$C$1)*S46 -> 7.7175 | V46: 0 | W46: =$C$1*T46+(1-$C$1)*U46 -> 5.40225 | X46: 1750 | Y46: =$C$1*V46+(1-$C$1)*W46 -> 3.781575 | Z46: 0 | AA46: =$C$1*X46+(1-$C$1)*Y46 -> 527.6471 | AB46: 0 | AC46: =$C$1*Z46+(1-$C$1)*AA46 -> 369.35297 | AD46: 194 | AE46: =$C$1*AB46+(1-$C$1)*AC46 -> 258.54708 | AF46: 0 | AG46: =$C$1*AD46+(1-$C$1)*AE46 -> 239.18296 | AH46: 0 | AI46: =$C$1*AF46+(1-$C$1)*AG46 -> 167.42807 | AJ46: 600 | AK46: =$C$1*AH46+(1-$C$1)*AI46 -> 117.19965 | AL46: 0 | AM46: =$C$1*AJ46+(1-$C$1)*AK46 -> 262.03975 | AN46: =ABS(AL46-AM46) -> 262.03975 | AO46: =IFERROR(ABS((AL46-AM46)/AL46),"0") -> 0
A47: FST-0138 | B47: M16x2.0 HH BOLT x 50mm LG (G 8.8) PLATED | C47: =_xlfn.XLOOKUP(A47,Fore!A:A,Fore!AC:AC) -> BY | D47: 0 | E47: =D47 -> 0 | F47: 0 | G47: =$C$1*D47+(1-$C$1)*E47 -> 0 | H47: 0 | I47: =$C$1*F47+(1-$C$1)*G47 -> 0 | J47: 350 | K47: =$C$1*H47+(1-$C$1)*I47 -> 0 | L47: 50 | M47: =$C$1*J47+(1-$C$1)*K47 -> 105 | N47: 66.6668 | O47: =$C$1*M47+(1-$C$1)*L47 -> 66.5 | P47: 300 | Q47: =$C$1*N47+(1-$C$1)*O47 -> 66.55004 | R47: 200.3332 | S47: =$C$1*P47+(1-$C$1)*Q47 -> 136.58503 | T47: 0 | U47: =$C$1*R47+(1-$C$1)*S47 -> 155.70948 | V47: 540 | W47: =$C$1*T47+(1-$C$1)*U47 -> 108.99664 | X47: 800 | Y47: =$C$1*V47+(1-$C$1)*W47 -> 238.29765 | Z47: 0 | AA47: =$C$1*X47+(1-$C$1)*Y47 -> 406.80835 | AB47: 200 | AC47: =$C$1*Z47+(1-$C$1)*AA47 -> 284.76585 | AD47: 0 | AE47: =$C$1*AB47+(1-$C$1)*AC47 -> 259.33609 | AF47: 250 | AG47: =$C$1*AD47+(1-$C$1)*AE47 -> 181.53526 | AH47: 0 | AI47: =$C$1*AF47+(1-$C$1)*AG47 -> 202.07469 | AJ47: 0 | AK47: =$C$1*AH47+(1-$C$1)*AI47 -> 141.45228 | AL47: 0 | AM47: =$C$1*AJ47+(1-$C$1)*AK47 -> 99.016596 | AN47: =ABS(AL47-AM47) -> 99.016596 | AO47: =IFERROR(ABS((AL47-AM47)/AL47),"0") -> 0
A48: FST-0383 | B48: M16-2.0 HH BOLTx55mm LG G8.8 ZINCPLATE | C48: =_xlfn.XLOOKUP(A48,Fore!A:A,Fore!AC:AC) -> BY | D48: 0 | E48: =D48 -> 0 | F48: 0 | G48: =$C$1*D48+(1-$C$1)*E48 -> 0 | H48: 0 | I48: =$C$1*F48+(1-$C$1)*G48 -> 0 | J48: 0 | K48: =$C$1*H48+(1-$C$1)*I48 -> 0 | L48: 175 | M48: =$C$1*J48+(1-$C$1)*K48 -> 0 | N48: 0 | O48: =$C$1*M48+(1-$C$1)*L48 -> 122.5 | P48: 325 | Q48: =$C$1*N48+(1-$C$1)*O48 -> 85.75 | R48: 287.6936 | S48: =$C$1*P48+(1-$C$1)*Q48 -> 157.525 | T48: 0 | U48: =$C$1*R48+(1-$C$1)*S48 -> 196.57558 | V48: 886 | W48: =$C$1*T48+(1-$C$1)*U48 -> 137.60291 | X48: 500 | Y48: =$C$1*V48+(1-$C$1)*W48 -> 362.12203 | Z48: 0 | AA48: =$C$1*X48+(1-$C$1)*Y48 -> 403.48542 | AB48: 0 | AC48: =$C$1*Z48+(1-$C$1)*AA48 -> 282.4398 | AD48: 0 | AE48: =$C$1*AB48+(1-$C$1)*AC48 -> 197.70786 | AF48: 83 | AG48: =$C$1*AD48+(1-$C$1)*AE48 -> 138.3955 | AH48: 8 | AI48: =$C$1*AF48+(1-$C$1)*AG48 -> 121.77685 | AJ48: 191 | AK48: =$C$1*AH48+(1-$C$1)*AI48 -> 87.643795 | AL48: 0 | AM48: =$C$1*AJ48+(1-$C$1)*AK48 -> 118.65066 | AN48: =ABS(AL48-AM48) -> 118.65066 | AO48: =IFERROR(ABS((AL48-AM48)/AL48),"0") -> 0
A49: FST-0453 | B49: M12 X 1.75 BOLT 70LG-35TH A2-70 SS304 | C49: =_xlfn.XLOOKUP(A49,Fore!A:A,Fore!AC:AC) -> CY | D49: 0 | E49: =D49 -> 0 | F49: 0 | G49: =$C$1*D49+(1-$C$1)*E49 -> 0 | H49: 0 | I49: =$C$1*F49+(1-$C$1)*G49 -> 0 | J49: 140 | K49: =$C$1*H49+(1-$C$1)*I49 -> 0 | L49: 360 | M49: =$C$1*J49+(1-$C$1)*K49 -> 42 | N49: 200.0004 | O49: =$C$1*M49+(1-$C$1)*L49 -> 264.6 | P49: 54 | Q49: =$C$1*N49+(1-$C$1)*O49 -> 245.22012 | R49: 119 | S49: =$C$1*P49+(1-$C$1)*Q49 -> 187.85408 | T49: 0 | U49: =$C$1*R49+(1-$C$1)*S49 -> 167.19786 | V49: 97 | W49: =$C$1*T49+(1-$C$1)*U49 -> 117.0385 | X49: 0 | Y49: =$C$1*V49+(1-$C$1)*W49 -> 111.02695 | Z49: 0 | AA49: =$C$1*X49+(1-$C$1)*Y49 -> 77.718866 | AB49: 284 | AC49: =$C$1*Z49+(1-$C$1)*AA49 -> 54.403206 | AD49: 385 | AE49: =$C$1*AB49+(1-$C$1)*AC49 -> 123.28224 | AF49: 0 | AG49: =$C$1*AD49+(1-$C$1)*AE49 -> 201.79757 | AH49: 435 | AI49: =$C$1*AF49+(1-$C$1)*AG49 -> 141.2583 | AJ49: 250 | AK49: =$C$1*AH49+(1-$C$1)*AI49 -> 229.38081 | AL49: 0 | AM49: =$C$1*AJ49+(1-$C$1)*AK49 -> 235.56657 | AN49: =ABS(AL49-AM49) -> 235.56657 | AO49: =IFERROR(ABS((AL49-AM49)/AL49),"0") -> 0
A50: FAC0724 | B50: Self Drilling Screw SUS#8X1-1/4" JP | C50: =_xlfn.XLOOKUP(A50,Fore!A:A,Fore!AC:AC) -> CY | D50: 0 | E50: =D50 -> 0 | F50: 0 | G50: =$C$1*D50+(1-$C$1)*E50 -> 0 | H50: 0 | I50: =$C$1*F50+(1-$C$1)*G50 -> 0 | J50: 0 | K50: =$C$1*H50+(1-$C$1)*I50 -> 0 | L50: 0 | M50: =$C$1*J50+(1-$C$1)*K50 -> 0 | N50: 0 | O50: =$C$1*M50+(1-$C$1)*L50 -> 0 | P50: 250 | Q50: =$C$1*N50+(1-$C$1)*O50 -> 0 | R50: 0 | S50: =$C$1*P50+(1-$C$1)*Q50 -> 75 | T50: 0 | U50: =$C$1*R50+(1-$C$1)*S50 -> 52.5 | V50: 0 | W50: =$C$1*T50+(1-$C$1)*U50 -> 36.75 | X50: 0 | Y50: =$C$1*V50+(1-$C$1)*W50 -> 25.725 | Z50: 0 | AA50: =$C$1*X50+(1-$C$1)*Y50 -> 18.0075 | AB50: 0 | AC50: =$C$1*Z50+(1-$C$1)*AA50 -> 12.60525 | AD50: 0 | AE50: =$C$1*AB50+(1-$C$1)*AC50 -> 8.823675 | AF50: 1000 | AG50: =$C$1*AD50+(1-$C$1)*AE50 -> 6.1765725 | AH50: 1000 | AI50: =$C$1*AF50+(1-$C$1)*AG50 -> 304.3236 | AJ50: 0 | AK50: =$C$1*AH50+(1-$C$1)*AI50 -> 513.02652 | AL50: 0 | AM50: =$C$1*AJ50+(1-$C$1)*AK50 -> 359.11856 | AN50: =ABS(AL50-AM50) -> 359.11856 | AO50: =IFERROR(ABS((AL50-AM50)/AL50),"0") -> 0
A51: FST-0314 | B51: STUD SS M12x1.75 x 55 mm LONG | C51: =_xlfn.XLOOKUP(A51,Fore!A:A,Fore!AC:AC) -> CY | D51: 0 | E51: =D51 -> 0 | F51: 0 | G51: =$C$1*D51+(1-$C$1)*E51 -> 0 | H51: 0 | I51: =$C$1*F51+(1-$C$1)*G51 -> 0 | J51: 200 | K51: =$C$1*H51+(1-$C$1)*I51 -> 0 | L51: 0 | M51: =$C$1*J51+(1-$C$1)*K51 -> 60 | N51: 250 | O51: =$C$1*M51+(1-$C$1)*L51 -> 18 | P51: 93 | Q51: =$C$1*N51+(1-$C$1)*O51 -> 87.6 | R51: 555.5556 | S51: =$C$1*P51+(1-$C$1)*Q51 -> 89.22 | T51: 0 | U51: =$C$1*R51+(1-$C$1)*S51 -> 229.12068 | V51: 0 | W51: =$C$1*T51+(1-$C$1)*U51 -> 160.38448 | X51: 0 | Y51: =$C$1*V51+(1-$C$1)*W51 -> 112.26913 | Z51: 0 | AA51: =$C$1*X51+(1-$C$1)*Y51 -> 78.588393 | AB51: 300 | AC51: =$C$1*Z51+(1-$C$1)*AA51 -> 55.011875 | AD51: 0 | AE51: =$C$1*AB51+(1-$C$1)*AC51 -> 128.50831 | AF51: 500 | AG51: =$C$1*AD51+(1-$C$1)*AE51 -> 89.955819 | AH51: 300 | AI51: =$C$1*AF51+(1-$C$1)*AG51 -> 212.96907 | AJ51: 0 | AK51: =$C$1*AH51+(1-$C$1)*AI51 -> 239.07835 | AL51: 0 | AM51: =$C$1*AJ51+(1-$C$1)*AK51 -> 167.35485 | AN51: =ABS(AL51-AM51) -> 167.35485 | AO51: =IFERROR(ABS((AL51-AM51)/AL51),"0") -> 0
A52: FAC0125 | B52: CLOTHS SCRAP | C52: =_xlfn.XLOOKUP(A52,Fore!A:A,Fore!AC:AC) -> CX | D52: 0 | E52: =D52 -> 0 | F52: 0 | G52: =$C$1*D52+(1-$C$1)*E52 -> 0 | H52: 0 | I52: =$C$1*F52+(1-$C$1)*G52 -> 0 | J52: 139 | K52: =$C$1*H52+(1-$C$1)*I52 -> 0 | L52: 190 | M52: =$C$1*J52+(1-$C$1)*K52 -> 41.7 | N52: 125 | O52: =$C$1*M52+(1-$C$1)*L52 -> 145.51 | P52: 168 | Q52: =$C$1*N52+(1-$C$1)*O52 -> 139.357 | R52: 158 | S52: =$C$1*P52+(1-$C$1)*Q52 -> 147.9499 | T52: 177 | U52: =$C$1*R52+(1-$C$1)*S52 -> 150.96493 | V52: 91 | W52: =$C$1*T52+(1-$C$1)*U52 -> 158.77545 | X52: 80 | Y52: =$C$1*V52+(1-$C$1)*W52 -> 138.44282 | Z52: 0 | AA52: =$C$1*X52+(1-$C$1)*Y52 -> 120.90997 | AB52: 194 | AC52: =$C$1*Z52+(1-$C$1)*AA52 -> 84.63698 | AD52: 90 | AE52: =$C$1*AB52+(1-$C$1)*AC52 -> 117.44589 | AF52: 160 | AG52: =$C$1*AD52+(1-$C$1)*AE52 -> 109.21212 | AH52: 135 | AI52: =$C$1*AF52+(1-$C$1)*AG52 -> 124.44848 | AJ52: 118 | AK52: =$C$1*AH52+(1-$C$1)*AI52 -> 127.61394 | AL52: 176 | AM52: =$C$1*AJ52+(1-$C$1)*AK52 -> 124.72976 | AN52: =ABS(AL52-AM52) -> 51.270243 | AO52: =IFERROR(ABS((AL52-AM52)/AL52),"0") -> 0.2913082
A53: FST-0234 | B53: M16-2.0 HH BOLT 45 mm LG GRADE 8.8 | C53: =_xlfn.XLOOKUP(A53,Fore!A:A,Fore!AC:AC) -> CY | D53: 0 | E53: =D53 -> 0 | F53: 0 | G53: =$C$1*D53+(1-$C$1)*E53 -> 0 | H53: 0 | I53: =$C$1*F53+(1-$C$1)*G53 -> 0 | J53: 0 | K53: =$C$1*H53+(1-$C$1)*I53 -> 0 | L53: 0 | M53: =$C$1*J53+(1-$C$1)*K53 -> 0 | N53: 200 | O53: =$C$1*M53+(1-$C$1)*L53 -> 0 | P53: 300 | Q53: =$C$1*N53+(1-$C$1)*O53 -> 60 | R53: 50 | S53: =$C$1*P53+(1-$C$1)*Q53 -> 132 | T53: 275.04 | U53: =$C$1*R53+(1-$C$1)*S53 -> 107.4 | V53: 550 | W53: =$C$1*T53+(1-$C$1)*U53 -> 157.692 | X53: 0 | Y53: =$C$1*V53+(1-$C$1)*W53 -> 275.3844 | Z53: 0 | AA53: =$C$1*X53+(1-$C$1)*Y53 -> 192.76908 | AB53: 200 | AC53: =$C$1*Z53+(1-$C$1)*AA53 -> 134.93836 | AD53: 300 | AE53: =$C$1*AB53+(1-$C$1)*AC53 -> 154.45685 | AF53: 0 | AG53: =$C$1*AD53+(1-$C$1)*AE53 -> 198.11979 | AH53: 16 | AI53: =$C$1*AF53+(1-$C$1)*AG53 -> 138.68386 | AJ53: 66 | AK53: =$C$1*AH53+(1-$C$1)*AI53 -> 101.8787 | AL53: 0 | AM53: =$C$1*AJ53+(1-$C$1)*AK53 -> 91.115089 | AN53: =ABS(AL53-AM53) -> 91.115089 | AO53: =IFERROR(ABS((AL53-AM53)/AL53),"0") -> 0
A54: FST-0325 | B54: M10-1.5 HH BOLT x 45mm LG STLSS | C54: =_xlfn.XLOOKUP(A54,Fore!A:A,Fore!AC:AC) -> CY | D54: 0 | E54: =D54 -> 0 | F54: 0 | G54: =$C$1*D54+(1-$C$1)*E54 -> 0 | H54: 0 | I54: =$C$1*F54+(1-$C$1)*G54 -> 0 | J54: 0 | K54: =$C$1*H54+(1-$C$1)*I54 -> 0 | L54: 70 | M54: =$C$1*J54+(1-$C$1)*K54 -> 0 | N54: 0 | O54: =$C$1*M54+(1-$C$1)*L54 -> 49 | P54: 320 | Q54: =$C$1*N54+(1-$C$1)*O54 -> 34.3 | R54: 288.75 | S54: =$C$1*P54+(1-$C$1)*Q54 -> 120.01 | T54: 210 | U54: =$C$1*R54+(1-$C$1)*S54 -> 170.632 | V54: 100 | W54: =$C$1*T54+(1-$C$1)*U54 -> 182.4424 | X54: 0 | Y54: =$C$1*V54+(1-$C$1)*W54 -> 157.70968 | Z54: 0 | AA54: =$C$1*X54+(1-$C$1)*Y54 -> 110.39678 | AB54: 0 | AC54: =$C$1*Z54+(1-$C$1)*AA54 -> 77.277743 | AD54: 14 | AE54: =$C$1*AB54+(1-$C$1)*AC54 -> 54.09442 | AF54: 0 | AG54: =$C$1*AD54+(1-$C$1)*AE54 -> 42.066094 | AH54: 340 | AI54: =$C$1*AF54+(1-$C$1)*AG54 -> 29.446266 | AJ54: 600 | AK54: =$C$1*AH54+(1-$C$1)*AI54 -> 122.61239 | AL54: 0 | AM54: =$C$1*AJ54+(1-$C$1)*AK54 -> 265.82867 | AN54: =ABS(AL54-AM54) -> 265.82867 | AO54: =IFERROR(ABS((AL54-AM54)/AL54),"0") -> 0
A55: FST-0292 | B55: M8-1.25 HH Bolt x 35 Lg. SS | C55: =_xlfn.XLOOKUP(A55,Fore!A:A,Fore!AC:AC) -> CY | D55: 0 | E55: =D55 -> 0 | F55: 0 | G55: =$C$1*D55+(1-$C$1)*E55 -> 0 | H55: 0 | I55: =$C$1*F55+(1-$C$1)*G55 -> 0 | J55: 0 | K55: =$C$1*H55+(1-$C$1)*I55 -> 0 | L55: 200 | M55: =$C$1*J55+(1-$C$1)*K55 -> 0 | N55: 200.0001 | O55: =$C$1*M55+(1-$C$1)*L55 -> 140 | P55: 0 | Q55: =$C$1*N55+(1-$C$1)*O55 -> 158.00003 | R55: 600 | S55: =$C$1*P55+(1-$C$1)*Q55 -> 110.60002 | T55: 150 | U55: =$C$1*R55+(1-$C$1)*S55 -> 257.42001 | V55: 150 | W55: =$C$1*T55+(1-$C$1)*U55 -> 225.19401 | X55: 73 | Y55: =$C$1*V55+(1-$C$1)*W55 -> 202.63581 | Z55: 0 | AA55: =$C$1*X55+(1-$C$1)*Y55 -> 163.74507 | AB55: 0 | AC55: =$C$1*Z55+(1-$C$1)*AA55 -> 114.62155 | AD55: 146 | AE55: =$C$1*AB55+(1-$C$1)*AC55 -> 80.235082 | AF55: 0 | AG55: =$C$1*AD55+(1-$C$1)*AE55 -> 99.964557 | AH55: 130 | AI55: =$C$1*AF55+(1-$C$1)*AG55 -> 69.97519 | AJ55: 0 | AK55: =$C$1*AH55+(1-$C$1)*AI55 -> 87.982633 | AL55: 30 | AM55: =$C$1*AJ55+(1-$C$1)*AK55 -> 61.587843 | AN55: =ABS(AL55-AM55) -> 31.587843 | AO55: =IFERROR(ABS((AL55-AM55)/AL55),"0") -> 1.0529281
A56: FAC0625 | B56: GREEN CORP CUT-OFF WHEEL 4" FOR SS | C56: =_xlfn.XLOOKUP(A56,Fore!A:A,Fore!AC:AC) -> CY | D56: 0 | E56: =D56 -> 0 | F56: 0 | G56: =$C$1*D56+(1-$C$1)*E56 -> 0 | H56: 0 | I56: =$C$1*F56+(1-$C$1)*G56 -> 0 | J56: 89 | K56: =$C$1*H56+(1-$C$1)*I56 -> 0 | L56: 196.5002 | M56: =$C$1*J56+(1-$C$1)*K56 -> 26.7 | N56: 218.4998 | O56: =$C$1*M56+(1-$C$1)*L56 -> 145.56014 | P56: 148 | Q56: =$C$1*N56+(1-$C$1)*O56 -> 167.44204 | R56: 37 | S56: =$C$1*P56+(1-$C$1)*Q56 -> 161.60943 | T56: 84 | U56: =$C$1*R56+(1-$C$1)*S56 -> 124.2266 | V56: 57 | W56: =$C$1*T56+(1-$C$1)*U56 -> 112.15862 | X56: 35 | Y56: =$C$1*V56+(1-$C$1)*W56 -> 95.611033 | Z56: 14 | AA56: =$C$1*X56+(1-$C$1)*Y56 -> 77.427723 | AB56: 72 | AC56: =$C$1*Z56+(1-$C$1)*AA56 -> 58.399406 | AD56: 121 | AE56: =$C$1*AB56+(1-$C$1)*AC56 -> 62.479584 | AF56: 274 | AG56: =$C$1*AD56+(1-$C$1)*AE56 -> 80.035709 | AH56: 73 | AI56: =$C$1*AF56+(1-$C$1)*AG56 -> 138.225 | AJ56: 93 | AK56: =$C$1*AH56+(1-$C$1)*AI56 -> 118.6575 | AL56: 124 | AM56: =$C$1*AJ56+(1-$C$1)*AK56 -> 110.96025 | AN56: =ABS(AL56-AM56) -> 13.039752 | AO56: =IFERROR(ABS((AL56-AM56)/AL56),"0") -> 0.10515929
A57: 9562-0060-T | B57: M14x2.0 DIN 980 Class 10 Zinc Lock Nut | C57: =_xlfn.XLOOKUP(A57,Fore!A:A,Fore!AC:AC) -> CY | D57: 79 | E57: =D57 -> 79 | F57: 144 | G57: =$C$1*D57+(1-$C$1)*E57 -> 79 | H57: 208 | I57: =$C$1*F57+(1-$C$1)*G57 -> 98.5 | J57: 32 | K57: =$C$1*H57+(1-$C$1)*I57 -> 131.35 | L57: 64 | M57: =$C$1*J57+(1-$C$1)*K57 -> 101.545 | N57: 48 | O57: =$C$1*M57+(1-$C$1)*L57 -> 75.2635 | P57: 16 | Q57: =$C$1*N57+(1-$C$1)*O57 -> 67.08445 | R57: 112 | S57: =$C$1*P57+(1-$C$1)*Q57 -> 51.759115 | T57: 160 | U57: =$C$1*R57+(1-$C$1)*S57 -> 69.83138 | V57: 48 | W57: =$C$1*T57+(1-$C$1)*U57 -> 96.881966 | X57: 48 | Y57: =$C$1*V57+(1-$C$1)*W57 -> 82.217376 | Z57: 16 | AA57: =$C$1*X57+(1-$C$1)*Y57 -> 71.952164 | AB57: 50 | AC57: =$C$1*Z57+(1-$C$1)*AA57 -> 55.166514 | AD57: 96 | AE57: =$C$1*AB57+(1-$C$1)*AC57 -> 53.61656 | AF57: 206 | AG57: =$C$1*AD57+(1-$C$1)*AE57 -> 66.331592 | AH57: 80 | AI57: =$C$1*AF57+(1-$C$1)*AG57 -> 108.23211 | AJ57: 192 | AK57: =$C$1*AH57+(1-$C$1)*AI57 -> 99.76248 | AL57: 32 | AM57: =$C$1*AJ57+(1-$C$1)*AK57 -> 127.43374 | AN57: =ABS(AL57-AM57) -> 95.433736 | AO57: =IFERROR(ABS((AL57-AM57)/AL57),"0") -> 2.9823043
A58: FAC-0736 | B58: Cut Resistant Gloves HPPE PU Coated XL | C58: =_xlfn.XLOOKUP(A58,Fore!A:A,Fore!AC:AC) -> CY | D58: 0 | E58: =D58 -> 0 | F58: 0 | G58: =$C$1*D58+(1-$C$1)*E58 -> 0 | H58: 0 | I58: =$C$1*F58+(1-$C$1)*G58 -> 0 | J58: 245 | K58: =$C$1*H58+(1-$C$1)*I58 -> 0 | L58: 133.5 | M58: =$C$1*J58+(1-$C$1)*K58 -> 73.5 | N58: 112.25 | O58: =$C$1*M58+(1-$C$1)*L58 -> 115.5 | P58: 67.7484 | Q58: =$C$1*N58+(1-$C$1)*O58 -> 114.525 | R58: 119 | S58: =$C$1*P58+(1-$C$1)*Q58 -> 100.49202 | T58: 88 | U58: =$C$1*R58+(1-$C$1)*S58 -> 106.04441 | V58: 145.83 | W58: =$C$1*T58+(1-$C$1)*U58 -> 100.63109 | X58: 71 | Y58: =$C$1*V58+(1-$C$1)*W58 -> 114.19076 | Z58: 0 | AA58: =$C$1*X58+(1-$C$1)*Y58 -> 101.23353 | AB58: 26 | AC58: =$C$1*Z58+(1-$C$1)*AA58 -> 70.863474 | AD58: 35 | AE58: =$C$1*AB58+(1-$C$1)*AC58 -> 57.404432 | AF58: 201 | AG58: =$C$1*AD58+(1-$C$1)*AE58 -> 50.683102 | AH58: 176 | AI58: =$C$1*AF58+(1-$C$1)*AG58 -> 95.778172 | AJ58: 20 | AK58: =$C$1*AH58+(1-$C$1)*AI58 -> 119.84472 | AL58: 0 | AM58: =$C$1*AJ58+(1-$C$1)*AK58 -> 89.891304 | AN58: =ABS(AL58-AM58) -> 89.891304 | AO58: =IFERROR(ABS((AL58-AM58)/AL58),"0") -> 0
A59: FST-0541 | B59: M16-2.0 x45 mm. FLAT HEAD(สีเงิน)(G12.9) | C59: =_xlfn.XLOOKUP(A59,Fore!A:A,Fore!AC:AC) -> CX | D59: 0 | E59: =D59 -> 0 | F59: 0 | G59: =$C$1*D59+(1-$C$1)*E59 -> 0 | H59: 0 | I59: =$C$1*F59+(1-$C$1)*G59 -> 0 | J59: 0 | K59: =$C$1*H59+(1-$C$1)*I59 -> 0 | L59: 0 | M59: =$C$1*J59+(1-$C$1)*K59 -> 0 | N59: 250 | O59: =$C$1*M59+(1-$C$1)*L59 -> 0 | P59: 0 | Q59: =$C$1*N59+(1-$C$1)*O59 -> 75 | R59: 0 | S59: =$C$1*P59+(1-$C$1)*Q59 -> 52.5 | T59: 0 | U59: =$C$1*R59+(1-$C$1)*S59 -> 36.75 | V59: 300 | W59: =$C$1*T59+(1-$C$1)*U59 -> 25.725 | X59: 350 | Y59: =$C$1*V59+(1-$C$1)*W59 -> 108.0075 | Z59: 0 | AA59: =$C$1*X59+(1-$C$1)*Y59 -> 180.60525 | AB59: 0 | AC59: =$C$1*Z59+(1-$C$1)*AA59 -> 126.42367 | AD59: 200 | AE59: =$C$1*AB59+(1-$C$1)*AC59 -> 88.496572 | AF59: 0 | AG59: =$C$1*AD59+(1-$C$1)*AE59 -> 121.9476 | AH59: 200 | AI59: =$C$1*AF59+(1-$C$1)*AG59 -> 85.363321 | AJ59: 0 | AK59: =$C$1*AH59+(1-$C$1)*AI59 -> 119.75432 | AL59: 0 | AM59: =$C$1*AJ59+(1-$C$1)*AK59 -> 83.828027 | AN59: =ABS(AL59-AM59) -> 83.828027 | AO59: =IFERROR(ABS((AL59-AM59)/AL59),"0") -> 0
A60: FST-0149 | B60: 1/2-13 NC ALL THREAD [4.5"] LG=114mm. SS | C60: =_xlfn.XLOOKUP(A60,Fore!A:A,Fore!AC:AC) -> CY | D60: 0 | E60: =D60 -> 0 | F60: 0 | G60: =$C$1*D60+(1-$C$1)*E60 -> 0 | H60: 0 | I60: =$C$1*F60+(1-$C$1)*G60 -> 0 | J60: 0 | K60: =$C$1*H60+(1-$C$1)*I60 -> 0 | L60: 200 | M60: =$C$1*J60+(1-$C$1)*K60 -> 0 | N60: 250 | O60: =$C$1*M60+(1-$C$1)*L60 -> 140 | P60: 200 | Q60: =$C$1*N60+(1-$C$1)*O60 -> 173 | R60: 0 | S60: =$C$1*P60+(1-$C$1)*Q60 -> 181.1 | T60: 0 | U60: =$C$1*R60+(1-$C$1)*S60 -> 126.77 | V60: 0 | W60: =$C$1*T60+(1-$C$1)*U60 -> 88.739 | X60: 0 | Y60: =$C$1*V60+(1-$C$1)*W60 -> 62.1173 | Z60: 0 | AA60: =$C$1*X60+(1-$C$1)*Y60 -> 43.48211 | AB60: 0 | AC60: =$C$1*Z60+(1-$C$1)*AA60 -> 30.437477 | AD60: 200 | AE60: =$C$1*AB60+(1-$C$1)*AC60 -> 21.306234 | AF60: 0 | AG60: =$C$1*AD60+(1-$C$1)*AE60 -> 74.914364 | AH60: 439 | AI60: =$C$1*AF60+(1-$C$1)*AG60 -> 52.440055 | AJ60: 0 | AK60: =$C$1*AH60+(1-$C$1)*AI60 -> 168.40804 | AL60: 0 | AM60: =$C$1*AJ60+(1-$C$1)*AK60 -> 117.88563 | AN60: =ABS(AL60-AM60) -> 117.88563 | AO60: =IFERROR(ABS((AL60-AM60)/AL60),"0") -> 0
A61: FAC0192 | B61: COPPER CRIMP SLEEVES BF6 CODE IL112003 | C61: =_xlfn.XLOOKUP(A61,Fore!A:A,Fore!AC:AC) -> CY | D61: 0 | E61: =D61 -> 0 | F61: 0 | G61: =$C$1*D61+(1-$C$1)*E61 -> 0 | H61: 0 | I61: =$C$1*F61+(1-$C$1)*G61 -> 0 | J61: 250 | K61: =$C$1*H61+(1-$C$1)*I61 -> 0 | L61: 0 | M61: =$C$1*J61+(1-$C$1)*K61 -> 75 | N61: 0 | O61: =$C$1*M61+(1-$C$1)*L61 -> 22.5 | P61: 1 | Q61: =$C$1*N61+(1-$C$1)*O61 -> 15.75 | R61: 0 | S61: =$C$1*P61+(1-$C$1)*Q61 -> 11.325 | T61: 0 | U61: =$C$1*R61+(1-$C$1)*S61 -> 7.9275 | V61: 500 | W61: =$C$1*T61+(1-$C$1)*U61 -> 5.54925 | X61: 0 | Y61: =$C$1*V61+(1-$C$1)*W61 -> 153.88448 | Z61: 0 | AA61: =$C$1*X61+(1-$C$1)*Y61 -> 107.71913 | AB61: 0 | AC61: =$C$1*Z61+(1-$C$1)*AA61 -> 75.403393 | AD61: 0 | AE61: =$C$1*AB61+(1-$C$1)*AC61 -> 52.782375 | AF61: 0 | AG61: =$C$1*AD61+(1-$C$1)*AE61 -> 36.947662 | AH61: 400 | AI61: =$C$1*AF61+(1-$C$1)*AG61 -> 25.863364 | AJ61: 0 | AK61: =$C$1*AH61+(1-$C$1)*AI61 -> 138.10435 | AL61: 0 | AM61: =$C$1*AJ61+(1-$C$1)*AK61 -> 96.673048 | AN61: =ABS(AL61-AM61) -> 96.673048 | AO61: =IFERROR(ABS((AL61-AM61)/AL61),"0") -> 0
A62: FAC0120 | B62: HEAD COVER ELASTIC CLOTH #CREAM,BROWN | C62: =_xlfn.XLOOKUP(A62,Fore!A:A,Fore!AC:AC) -> CX | D62: 0 | E62: =D62 -> 0 | F62: 0 | G62: =$C$1*D62+(1-$C$1)*E62 -> 0 | H62: 0 | I62: =$C$1*F62+(1-$C$1)*G62 -> 0 | J62: 113 | K62: =$C$1*H62+(1-$C$1)*I62 -> 0 | L62: 107 | M62: =$C$1*J62+(1-$C$1)*K62 -> 33.9 | N62: 69 | O62: =$C$1*M62+(1-$C$1)*L62 -> 85.07 | P62: 94 | Q62: =$C$1*N62+(1-$C$1)*O62 -> 80.249 | R62: 99 | S62: =$C$1*P62+(1-$C$1)*Q62 -> 84.3743 | T62: 86 | U62: =$C$1*R62+(1-$C$1)*S62 -> 88.76201 | V62: 89 | W62: =$C$1*T62+(1-$C$1)*U62 -> 87.933407 | X62: 77 | Y62: =$C$1*V62+(1-$C$1)*W62 -> 88.253385 | Z62: 23 | AA62: =$C$1*X62+(1-$C$1)*Y62 -> 84.877369 | AB62: 35 | AC62: =$C$1*Z62+(1-$C$1)*AA62 -> 66.314159 | AD62: 94 | AE62: =$C$1*AB62+(1-$C$1)*AC62 -> 56.919911 | AF62: 93 | AG62: =$C$1*AD62+(1-$C$1)*AE62 -> 68.043938 | AH62: 126 | AI62: =$C$1*AF62+(1-$C$1)*AG62 -> 75.530756 | AJ62: 0 | AK62: =$C$1*AH62+(1-$C$1)*AI62 -> 90.671529 | AL62: 0 | AM62: =$C$1*AJ62+(1-$C$1)*AK62 -> 63.470071 | AN62: =ABS(AL62-AM62) -> 63.470071 | AO62: =IFERROR(ABS((AL62-AM62)/AL62),"0") -> 0
A63: FAC0725 | B63: Self Drilling Screw SUS#8X1-1/2" JP | C63: =_xlfn.XLOOKUP(A63,Fore!A:A,Fore!AC:AC) -> CY | D63: 0 | E63: =D63 -> 0 | F63: 0 | G63: =$C$1*D63+(1-$C$1)*E63 -> 0 | H63: 0 | I63: =$C$1*F63+(1-$C$1)*G63 -> 0 | J63: 0 | K63: =$C$1*H63+(1-$C$1)*I63 -> 0 | L63: 0 | M63: =$C$1*J63+(1-$C$1)*K63 -> 0 | N63: 0 | O63: =$C$1*M63+(1-$C$1)*L63 -> 0 | P63: 0 | Q63: =$C$1*N63+(1-$C$1)*O63 -> 0 | R63: 0 | S63: =$C$1*P63+(1-$C$1)*Q63 -> 0 | T63: 0 | U63: =$C$1*R63+(1-$C$1)*S63 -> 0 | V63: 0 | W63: =$C$1*T63+(1-$C$1)*U63 -> 0 | X63: 0 | Y63: =$C$1*V63+(1-$C$1)*W63 -> 0 | Z63: 0 | AA63: =$C$1*X63+(1-$C$1)*Y63 -> 0 | AB63: 0 | AC63: =$C$1*Z63+(1-$C$1)*AA63 -> 0 | AD63: 0 | AE63: =$C$1*AB63+(1-$C$1)*AC63 -> 0 | AF63: 0 | AG63: =$C$1*AD63+(1-$C$1)*AE63 -> 0 | AH63: 1000 | AI63: =$C$1*AF63+(1-$C$1)*AG63 -> 0 | AJ63: 0 | AK63: =$C$1*AH63+(1-$C$1)*AI63 -> 300 | AL63: 0 | AM63: =$C$1*AJ63+(1-$C$1)*AK63 -> 210 | AN63: =ABS(AL63-AM63) -> 210 | AO63: =IFERROR(ABS((AL63-AM63)/AL63),"0") -> 0
A64: FAC0369 | B64: BLIND RIVET SS DIA.4.8mm=3/16"X13.5mmLG | C64: =_xlfn.XLOOKUP(A64,Fore!A:A,Fore!AC:AC) -> CY | D64: 0 | E64: =D64 -> 0 | F64: 0 | G64: =$C$1*D64+(1-$C$1)*E64 -> 0 | H64: 0 | I64: =$C$1*F64+(1-$C$1)*G64 -> 0 | J64: 0 | K64: =$C$1*H64+(1-$C$1)*I64 -> 0 | L64: 0 | M64: =$C$1*J64+(1-$C$1)*K64 -> 0 | N64: 0 | O64: =$C$1*M64+(1-$C$1)*L64 -> 0 | P64: 0 | Q64: =$C$1*N64+(1-$C$1)*O64 -> 0 | R64: 500 | S64: =$C$1*P64+(1-$C$1)*Q64 -> 0 | T64: 500 | U64: =$C$1*R64+(1-$C$1)*S64 -> 150 | V64: 0 | W64: =$C$1*T64+(1-$C$1)*U64 -> 255 | X64: 0 | Y64: =$C$1*V64+(1-$C$1)*W64 -> 178.5 | Z64: 0 | AA64: =$C$1*X64+(1-$C$1)*Y64 -> 124.95 | AB64: 0 | AC64: =$C$1*Z64+(1-$C$1)*AA64 -> 87.465 | AD64: 0 | AE64: =$C$1*AB64+(1-$C$1)*AC64 -> 61.2255 | AF64: 0 | AG64: =$C$1*AD64+(1-$C$1)*AE64 -> 42.85785 | AH64: 0 | AI64: =$C$1*AF64+(1-$C$1)*AG64 -> 30.000495 | AJ64: 0 | AK64: =$C$1*AH64+(1-$C$1)*AI64 -> 21.000346 | AL64: 0 | AM64: =$C$1*AJ64+(1-$C$1)*AK64 -> 14.700243 | AN64: =ABS(AL64-AM64) -> 14.700243 | AO64: =IFERROR(ABS((AL64-AM64)/AL64),"0") -> 0
A65: FST-0555 | B65: M4 JP BOLT x 20 mmLG SS | C65: =_xlfn.XLOOKUP(A65,Fore!A:A,Fore!AC:AC) -> CY | D65: 0 | E65: =D65 -> 0 | F65: 0 | G65: =$C$1*D65+(1-$C$1)*E65 -> 0 | H65: 0 | I65: =$C$1*F65+(1-$C$1)*G65 -> 0 | J65: 0 | K65: =$C$1*H65+(1-$C$1)*I65 -> 0 | L65: 0 | M65: =$C$1*J65+(1-$C$1)*K65 -> 0 | N65: 0 | O65: =$C$1*M65+(1-$C$1)*L65 -> 0 | P65: 0 | Q65: =$C$1*N65+(1-$C$1)*O65 -> 0 | R65: 0 | S65: =$C$1*P65+(1-$C$1)*Q65 -> 0 | T65: 0 | U65: =$C$1*R65+(1-$C$1)*S65 -> 0 | V65: 1000 | W65: =$C$1*T65+(1-$C$1)*U65 -> 0 | X65: 0 | Y65: =$C$1*V65+(1-$C$1)*W65 -> 300 | Z65: 0 | AA65: =$C$1*X65+(1-$C$1)*Y65 -> 210 | AB65: 0 | AC65: =$C$1*Z65+(1-$C$1)*AA65 -> 147 | AD65: 0 | AE65: =$C$1*AB65+(1-$C$1)*AC65 -> 102.9 | AF65: 0 | AG65: =$C$1*AD65+(1-$C$1)*AE65 -> 72.03 | AH65: 0 | AI65: =$C$1*AF65+(1-$C$1)*AG65 -> 50.421 | AJ65: 0 | AK65: =$C$1*AH65+(1-$C$1)*AI65 -> 35.2947 | AL65: 0 | AM65: =$C$1*AJ65+(1-$C$1)*AK65 -> 24.70629 | AN65: =ABS(AL65-AM65) -> 24.70629 | AO65: =IFERROR(ABS((AL65-AM65)/AL65),"0") -> 0
A66: FAC0789 | B66: 3M#14437ใบเจียรSUS 4"(100x3x16mm) | C66: =_xlfn.XLOOKUP(A66,Fore!A:A,Fore!AC:AC) -> CY | D66: 0 | E66: =D66 -> 0 | F66: 0 | G66: =$C$1*D66+(1-$C$1)*E66 -> 0 | H66: 0 | I66: =$C$1*F66+(1-$C$1)*G66 -> 0 | J66: 27 | K66: =$C$1*H66+(1-$C$1)*I66 -> 0 | L66: 46 | M66: =$C$1*J66+(1-$C$1)*K66 -> 8.1 | N66: 201.9996 | O66: =$C$1*M66+(1-$C$1)*L66 -> 34.63 | P66: 58 | Q66: =$C$1*N66+(1-$C$1)*O66 -> 84.84088 | R66: 15 | S66: =$C$1*P66+(1-$C$1)*Q66 -> 76.788616 | T66: 31 | U66: =$C$1*R66+(1-$C$1)*S66 -> 58.252031 | V66: 59 | W66: =$C$1*T66+(1-$C$1)*U66 -> 50.076422 | X66: 19 | Y66: =$C$1*V66+(1-$C$1)*W66 -> 52.753495 | Z66: 8 | AA66: =$C$1*X66+(1-$C$1)*Y66 -> 42.627447 | AB66: 21 | AC66: =$C$1*Z66+(1-$C$1)*AA66 -> 32.239213 | AD66: 60 | AE66: =$C$1*AB66+(1-$C$1)*AC66 -> 28.867449 | AF66: 197 | AG66: =$C$1*AD66+(1-$C$1)*AE66 -> 38.207214 | AH66: 59 | AI66: =$C$1*AF66+(1-$C$1)*AG66 -> 85.84505 | AJ66: 65 | AK66: =$C$1*AH66+(1-$C$1)*AI66 -> 77.791535 | AL66: 73 | AM66: =$C$1*AJ66+(1-$C$1)*AK66 -> 73.954074 | AN66: =ABS(AL66-AM66) -> 0.95407448 | AO66: =IFERROR(ABS((AL66-AM66)/AL66),"0") -> 0.013069513
A67: ESP0001 | B67: 153501005 TIP 1.2 MM. (ID. 1.4 mm #17) | C67: =_xlfn.XLOOKUP(A67,Fore!A:A,Fore!AC:AC) -> CY | D67: 0 | E67: =D67 -> 0 | F67: 0 | G67: =$C$1*D67+(1-$C$1)*E67 -> 0 | H67: 0 | I67: =$C$1*F67+(1-$C$1)*G67 -> 0 | J67: 37 | K67: =$C$1*H67+(1-$C$1)*I67 -> 0 | L67: 53 | M67: =$C$1*J67+(1-$C$1)*K67 -> 11.1 | N67: 110 | O67: =$C$1*M67+(1-$C$1)*L67 -> 40.43 | P67: 50 | Q67: =$C$1*N67+(1-$C$1)*O67 -> 61.301 | R67: 45 | S67: =$C$1*P67+(1-$C$1)*Q67 -> 57.9107 | T67: 83 | U67: =$C$1*R67+(1-$C$1)*S67 -> 54.03749 | V67: 51 | W67: =$C$1*T67+(1-$C$1)*U67 -> 62.726243 | X67: 23 | Y67: =$C$1*V67+(1-$C$1)*W67 -> 59.20837 | Z67: 0 | AA67: =$C$1*X67+(1-$C$1)*Y67 -> 48.345859 | AB67: 9 | AC67: =$C$1*Z67+(1-$C$1)*AA67 -> 33.842101 | AD67: 120 | AE67: =$C$1*AB67+(1-$C$1)*AC67 -> 26.389471 | AF67: 130 | AG67: =$C$1*AD67+(1-$C$1)*AE67 -> 54.47263 | AH67: 103 | AI67: =$C$1*AF67+(1-$C$1)*AG67 -> 77.130841 | AJ67: 36 | AK67: =$C$1*AH67+(1-$C$1)*AI67 -> 84.891589 | AL67: 68 | AM67: =$C$1*AJ67+(1-$C$1)*AK67 -> 70.224112 | AN67: =ABS(AL67-AM67) -> 2.224112 | AO67: =IFERROR(ABS((AL67-AM67)/AL67),"0") -> 0.032707529
A68: FAC0741 | B68: Gloves Uncoated UHMWPE Size L | C68: =_xlfn.XLOOKUP(A68,Fore!A:A,Fore!AC:AC) -> CY | D68: 0 | E68: =D68 -> 0 | F68: 0 | G68: =$C$1*D68+(1-$C$1)*E68 -> 0 | H68: 0 | I68: =$C$1*F68+(1-$C$1)*G68 -> 0 | J68: 41.2222 | K68: =$C$1*H68+(1-$C$1)*I68 -> 0 | L68: 70 | M68: =$C$1*J68+(1-$C$1)*K68 -> 12.36666 | N68: 89 | O68: =$C$1*M68+(1-$C$1)*L68 -> 52.709998 | P68: 38 | Q68: =$C$1*N68+(1-$C$1)*O68 -> 63.596999 | R68: 86 | S68: =$C$1*P68+(1-$C$1)*Q68 -> 55.917899 | T68: 24 | U68: =$C$1*R68+(1-$C$1)*S68 -> 64.942529 | V68: 99 | W68: =$C$1*T68+(1-$C$1)*U68 -> 52.659771 | X68: 97 | Y68: =$C$1*V68+(1-$C$1)*W68 -> 66.561839 | Z68: 23 | AA68: =$C$1*X68+(1-$C$1)*Y68 -> 75.693288 | AB68: 0 | AC68: =$C$1*Z68+(1-$C$1)*AA68 -> 59.885301 | AD68: 150.15 | AE68: =$C$1*AB68+(1-$C$1)*AC68 -> 41.919711 | AF68: 82 | AG68: =$C$1*AD68+(1-$C$1)*AE68 -> 74.388798 | AH68: 64 | AI68: =$C$1*AF68+(1-$C$1)*AG68 -> 76.672158 | AJ68: 8 | AK68: =$C$1*AH68+(1-$C$1)*AI68 -> 72.870511 | AL68: 0 | AM68: =$C$1*AJ68+(1-$C$1)*AK68 -> 53.409358 | AN68: =ABS(AL68-AM68) -> 53.409358 | AO68: =IFERROR(ABS((AL68-AM68)/AL68),"0") -> 0
A69: SUNDRY-INV | B69: Modify Shaft PTO for AD1015-01 TO 02 | C69: =_xlfn.XLOOKUP(A69,Fore!A:A,Fore!AC:AC) -> CZ | D69: 19 | E69: =D69 -> 19 | F69: 10 | G69: =$C$1*D69+(1-$C$1)*E69 -> 19 | H69: 9 | I69: =$C$1*F69+(1-$C$1)*G69 -> 16.3 | J69: 6 | K69: =$C$1*H69+(1-$C$1)*I69 -> 14.11 | L69: 25 | M69: =$C$1*J69+(1-$C$1)*K69 -> 11.677 | N69: 208 | O69: =$C$1*M69+(1-$C$1)*L69 -> 21.0031 | P69: 138 | Q69: =$C$1*N69+(1-$C$1)*O69 -> 77.10217 | R69: 103 | S69: =$C$1*P69+(1-$C$1)*Q69 -> 95.371519 | T69: 102 | U69: =$C$1*R69+(1-$C$1)*S69 -> 97.660063 | V69: 0 | W69: =$C$1*T69+(1-$C$1)*U69 -> 98.962044 | X69: 26 | Y69: =$C$1*V69+(1-$C$1)*W69 -> 69.273431 | Z69: 18 | AA69: =$C$1*X69+(1-$C$1)*Y69 -> 56.291402 | AB69: 5 | AC69: =$C$1*Z69+(1-$C$1)*AA69 -> 44.803981 | AD69: 2 | AE69: =$C$1*AB69+(1-$C$1)*AC69 -> 32.862787 | AF69: 152 | AG69: =$C$1*AD69+(1-$C$1)*AE69 -> 23.603951 | AH69: 2 | AI69: =$C$1*AF69+(1-$C$1)*AG69 -> 62.122766 | AJ69: 6 | AK69: =$C$1*AH69+(1-$C$1)*AI69 -> 44.085936 | AL69: 15 | AM69: =$C$1*AJ69+(1-$C$1)*AK69 -> 32.660155 | AN69: =ABS(AL69-AM69) -> 17.660155 | AO69: =IFERROR(ABS((AL69-AM69)/AL69),"0") -> 1.1773437
A70: SUNDRY-INV | B70: Modify Shaft PTO for AD1010-01 TO 02 | C70: =_xlfn.XLOOKUP(A70,Fore!A:A,Fore!AC:AC) -> CZ | D70: 19 | E70: =D70 -> 19 | F70: 10 | G70: =$C$1*D70+(1-$C$1)*E70 -> 19 | H70: 9 | I70: =$C$1*F70+(1-$C$1)*G70 -> 16.3 | J70: 6 | K70: =$C$1*H70+(1-$C$1)*I70 -> 14.11 | L70: 25 | M70: =$C$1*J70+(1-$C$1)*K70 -> 11.677 | N70: 208 | O70: =$C$1*M70+(1-$C$1)*L70 -> 21.0031 | P70: 138 | Q70: =$C$1*N70+(1-$C$1)*O70 -> 77.10217 | R70: 103 | S70: =$C$1*P70+(1-$C$1)*Q70 -> 95.371519 | T70: 102 | U70: =$C$1*R70+(1-$C$1)*S70 -> 97.660063 | V70: 0 | W70: =$C$1*T70+(1-$C$1)*U70 -> 98.962044 | X70: 26 | Y70: =$C$1*V70+(1-$C$1)*W70 -> 69.273431 | Z70: 18 | AA70: =$C$1*X70+(1-$C$1)*Y70 -> 56.291402 | AB70: 5 | AC70: =$C$1*Z70+(1-$C$1)*AA70 -> 44.803981 | AD70: 2 | AE70: =$C$1*AB70+(1-$C$1)*AC70 -> 32.862787 | AF70: 152 | AG70: =$C$1*AD70+(1-$C$1)*AE70 -> 23.603951 | AH70: 2 | AI70: =$C$1*AF70+(1-$C$1)*AG70 -> 62.122766 | AJ70: 6 | AK70: =$C$1*AH70+(1-$C$1)*AI70 -> 44.085936 | AL70: 15 | AM70: =$C$1*AJ70+(1-$C$1)*AK70 -> 32.660155 | AN70: =ABS(AL70-AM70) -> 17.660155 | AO70: =IFERROR(ABS((AL70-AM70)/AL70),"0") -> 1.1773437
A71: SUNDRY-INV | B71: Modify Shaft PTO for AD1011-01 TO 02 | C71: =_xlfn.XLOOKUP(A71,Fore!A:A,Fore!AC:AC) -> CZ | D71: 19 | E71: =D71 -> 19 | F71: 10 | G71: =$C$1*D71+(1-$C$1)*E71 -> 19 | H71: 9 | I71: =$C$1*F71+(1-$C$1)*G71 -> 16.3 | J71: 6 | K71: =$C$1*H71+(1-$C$1)*I71 -> 14.11 | L71: 25 | M71: =$C$1*J71+(1-$C$1)*K71 -> 11.677 | N71: 208 | O71: =$C$1*M71+(1-$C$1)*L71 -> 21.0031 | P71: 138 | Q71: =$C$1*N71+(1-$C$1)*O71 -> 77.10217 | R71: 103 | S71: =$C$1*P71+(1-$C$1)*Q71 -> 95.371519 | T71: 102 | U71: =$C$1*R71+(1-$C$1)*S71 -> 97.660063 | V71: 0 | W71: =$C$1*T71+(1-$C$1)*U71 -> 98.962044 | X71: 26 | Y71: =$C$1*V71+(1-$C$1)*W71 -> 69.273431 | Z71: 18 | AA71: =$C$1*X71+(1-$C$1)*Y71 -> 56.291402 | AB71: 5 | AC71: =$C$1*Z71+(1-$C$1)*AA71 -> 44.803981 | AD71: 2 | AE71: =$C$1*AB71+(1-$C$1)*AC71 -> 32.862787 | AF71: 152 | AG71: =$C$1*AD71+(1-$C$1)*AE71 -> 23.603951 | AH71: 2 | AI71: =$C$1*AF71+(1-$C$1)*AG71 -> 62.122766 | AJ71: 6 | AK71: =$C$1*AH71+(1-$C$1)*AI71 -> 44.085936 | AL71: 15 | AM71: =$C$1*AJ71+(1-$C$1)*AK71 -> 32.660155 | AN71: =ABS(AL71-AM71) -> 17.660155 | AO71: =IFERROR(ABS((AL71-AM71)/AL71),"0") -> 1.1773437
A72: SUNDRY-INV | B72: SUNDRY FOR PLASTIC PALLETS 100*120 cm. | C72: =_xlfn.XLOOKUP(A72,Fore!A:A,Fore!AC:AC) -> CZ | D72: 19 | E72: =D72 -> 19 | F72: 10 | G72: =$C$1*D72+(1-$C$1)*E72 -> 19 | H72: 9 | I72: =$C$1*F72+(1-$C$1)*G72 -> 16.3 | J72: 6 | K72: =$C$1*H72+(1-$C$1)*I72 -> 14.11 | L72: 25 | M72: =$C$1*J72+(1-$C$1)*K72 -> 11.677 | N72: 208 | O72: =$C$1*M72+(1-$C$1)*L72 -> 21.0031 | P72: 138 | Q72: =$C$1*N72+(1-$C$1)*O72 -> 77.10217 | R72: 103 | S72: =$C$1*P72+(1-$C$1)*Q72 -> 95.371519 | T72: 102 | U72: =$C$1*R72+(1-$C$1)*S72 -> 97.660063 | V72: 0 | W72: =$C$1*T72+(1-$C$1)*U72 -> 98.962044 | X72: 26 | Y72: =$C$1*V72+(1-$C$1)*W72 -> 69.273431 | Z72: 18 | AA72: =$C$1*X72+(1-$C$1)*Y72 -> 56.291402 | AB72: 5 | AC72: =$C$1*Z72+(1-$C$1)*AA72 -> 44.803981 | AD72: 2 | AE72: =$C$1*AB72+(1-$C$1)*AC72 -> 32.862787 | AF72: 152 | AG72: =$C$1*AD72+(1-$C$1)*AE72 -> 23.603951 | AH72: 2 | AI72: =$C$1*AF72+(1-$C$1)*AG72 -> 62.122766 | AJ72: 6 | AK72: =$C$1*AH72+(1-$C$1)*AI72 -> 44.085936 | AL72: 15 | AM72: =$C$1*AJ72+(1-$C$1)*AK72 -> 32.660155 | AN72: =ABS(AL72-AM72) -> 17.660155 | AO72: =IFERROR(ABS((AL72-AM72)/AL72),"0") -> 1.1773437
A73: SUNDRY-INV | B73: Modify Shaft PTO for AD1025-01 TO 02 | C73: =_xlfn.XLOOKUP(A73,Fore!A:A,Fore!AC:AC) -> CZ | D73: 19 | E73: =D73 -> 19 | F73: 10 | G73: =$C$1*D73+(1-$C$1)*E73 -> 19 | H73: 9 | I73: =$C$1*F73+(1-$C$1)*G73 -> 16.3 | J73: 6 | K73: =$C$1*H73+(1-$C$1)*I73 -> 14.11 | L73: 25 | M73: =$C$1*J73+(1-$C$1)*K73 -> 11.677 | N73: 208 | O73: =$C$1*M73+(1-$C$1)*L73 -> 21.0031 | P73: 138 | Q73: =$C$1*N73+(1-$C$1)*O73 -> 77.10217 | R73: 103 | S73: =$C$1*P73+(1-$C$1)*Q73 -> 95.371519 | T73: 102 | U73: =$C$1*R73+(1-$C$1)*S73 -> 97.660063 | V73: 0 | W73: =$C$1*T73+(1-$C$1)*U73 -> 98.962044 | X73: 26 | Y73: =$C$1*V73+(1-$C$1)*W73 -> 69.273431 | Z73: 18 | AA73: =$C$1*X73+(1-$C$1)*Y73 -> 56.291402 | AB73: 5 | AC73: =$C$1*Z73+(1-$C$1)*AA73 -> 44.803981 | AD73: 2 | AE73: =$C$1*AB73+(1-$C$1)*AC73 -> 32.862787 | AF73: 152 | AG73: =$C$1*AD73+(1-$C$1)*AE73 -> 23.603951 | AH73: 2 | AI73: =$C$1*AF73+(1-$C$1)*AG73 -> 62.122766 | AJ73: 6 | AK73: =$C$1*AH73+(1-$C$1)*AI73 -> 44.085936 | AL73: 15 | AM73: =$C$1*AJ73+(1-$C$1)*AK73 -> 32.660155 | AN73: =ABS(AL73-AM73) -> 17.660155 | AO73: =IFERROR(ABS((AL73-AM73)/AL73),"0") -> 1.1773437
A74: SUNDRY-INV | B74: Modify Shaft PTO for AD1025-03 | C74: =_xlfn.XLOOKUP(A74,Fore!A:A,Fore!AC:AC) -> CZ | D74: 19 | E74: =D74 -> 19 | F74: 10 | G74: =$C$1*D74+(1-$C$1)*E74 -> 19 | H74: 9 | I74: =$C$1*F74+(1-$C$1)*G74 -> 16.3 | J74: 6 | K74: =$C$1*H74+(1-$C$1)*I74 -> 14.11 | L74: 25 | M74: =$C$1*J74+(1-$C$1)*K74 -> 11.677 | N74: 208 | O74: =$C$1*M74+(1-$C$1)*L74 -> 21.0031 | P74: 138 | Q74: =$C$1*N74+(1-$C$1)*O74 -> 77.10217 | R74: 103 | S74: =$C$1*P74+(1-$C$1)*Q74 -> 95.371519 | T74: 102 | U74: =$C$1*R74+(1-$C$1)*S74 -> 97.660063 | V74: 0 | W74: =$C$1*T74+(1-$C$1)*U74 -> 98.962044 | X74: 26 | Y74: =$C$1*V74+(1-$C$1)*W74 -> 69.273431 | Z74: 18 | AA74: =$C$1*X74+(1-$C$1)*Y74 -> 56.291402 | AB74: 5 | AC74: =$C$1*Z74+(1-$C$1)*AA74 -> 44.803981 | AD74: 2 | AE74: =$C$1*AB74+(1-$C$1)*AC74 -> 32.862787 | AF74: 152 | AG74: =$C$1*AD74+(1-$C$1)*AE74 -> 23.603951 | AH74: 2 | AI74: =$C$1*AF74+(1-$C$1)*AG74 -> 62.122766 | AJ74: 6 | AK74: =$C$1*AH74+(1-$C$1)*AI74 -> 44.085936 | AL74: 15 | AM74: =$C$1*AJ74+(1-$C$1)*AK74 -> 32.660155 | AN74: =ABS(AL74-AM74) -> 17.660155 | AO74: =IFERROR(ABS((AL74-AM74)/AL74),"0") -> 1.1773437
A75: SUNDRY-INV | B75: Modify Shaft PTO for AD1031-01 | C75: =_xlfn.XLOOKUP(A75,Fore!A:A,Fore!AC:AC) -> CZ | D75: 19 | E75: =D75 -> 19 | F75: 10 | G75: =$C$1*D75+(1-$C$1)*E75 -> 19 | H75: 9 | I75: =$C$1*F75+(1-$C$1)*G75 -> 16.3 | J75: 6 | K75: =$C$1*H75+(1-$C$1)*I75 -> 14.11 | L75: 25 | M75: =$C$1*J75+(1-$C$1)*K75 -> 11.677 | N75: 208 | O75: =$C$1*M75+(1-$C$1)*L75 -> 21.0031 | P75: 138 | Q75: =$C$1*N75+(1-$C$1)*O75 -> 77.10217 | R75: 103 | S75: =$C$1*P75+(1-$C$1)*Q75 -> 95.371519 | T75: 102 | U75: =$C$1*R75+(1-$C$1)*S75 -> 97.660063 | V75: 0 | W75: =$C$1*T75+(1-$C$1)*U75 -> 98.962044 | X75: 26 | Y75: =$C$1*V75+(1-$C$1)*W75 -> 69.273431 | Z75: 18 | AA75: =$C$1*X75+(1-$C$1)*Y75 -> 56.291402 | AB75: 5 | AC75: =$C$1*Z75+(1-$C$1)*AA75 -> 44.803981 | AD75: 2 | AE75: =$C$1*AB75+(1-$C$1)*AC75 -> 32.862787 | AF75: 152 | AG75: =$C$1*AD75+(1-$C$1)*AE75 -> 23.603951 | AH75: 2 | AI75: =$C$1*AF75+(1-$C$1)*AG75 -> 62.122766 | AJ75: 6 | AK75: =$C$1*AH75+(1-$C$1)*AI75 -> 44.085936 | AL75: 15 | AM75: =$C$1*AJ75+(1-$C$1)*AK75 -> 32.660155 | AN75: =ABS(AL75-AM75) -> 17.660155 | AO75: =IFERROR(ABS((AL75-AM75)/AL75),"0") -> 1.1773437
A76: SUNDRY-INV | B76: Modify Shaft PTO for AD1033-01 | C76: =_xlfn.XLOOKUP(A76,Fore!A:A,Fore!AC:AC) -> CZ | D76: 19 | E76: =D76 -> 19 | F76: 10 | G76: =$C$1*D76+(1-$C$1)*E76 -> 19 | H76: 9 | I76: =$C$1*F76+(1-$C$1)*G76 -> 16.3 | J76: 6 | K76: =$C$1*H76+(1-$C$1)*I76 -> 14.11 | L76: 25 | M76: =$C$1*J76+(1-$C$1)*K76 -> 11.677 | N76: 208 | O76: =$C$1*M76+(1-$C$1)*L76 -> 21.0031 | P76: 138 | Q76: =$C$1*N76+(1-$C$1)*O76 -> 77.10217 | R76: 103 | S76: =$C$1*P76+(1-$C$1)*Q76 -> 95.371519 | T76: 102 | U76: =$C$1*R76+(1-$C$1)*S76 -> 97.660063 | V76: 0 | W76: =$C$1*T76+(1-$C$1)*U76 -> 98.962044 | X76: 26 | Y76: =$C$1*V76+(1-$C$1)*W76 -> 69.273431 | Z76: 18 | AA76: =$C$1*X76+(1-$C$1)*Y76 -> 56.291402 | AB76: 5 | AC76: =$C$1*Z76+(1-$C$1)*AA76 -> 44.803981 | AD76: 2 | AE76: =$C$1*AB76+(1-$C$1)*AC76 -> 32.862787 | AF76: 152 | AG76: =$C$1*AD76+(1-$C$1)*AE76 -> 23.603951 | AH76: 2 | AI76: =$C$1*AF76+(1-$C$1)*AG76 -> 62.122766 | AJ76: 6 | AK76: =$C$1*AH76+(1-$C$1)*AI76 -> 44.085936 | AL76: 15 | AM76: =$C$1*AJ76+(1-$C$1)*AK76 -> 32.660155 | AN76: =ABS(AL76-AM76) -> 17.660155 | AO76: =IFERROR(ABS((AL76-AM76)/AL76),"0") -> 1.1773437
A77: SUNDRY-INV | B77: Modify Shaft PTO for AD1011-01TO02 | C77: =_xlfn.XLOOKUP(A77,Fore!A:A,Fore!AC:AC) -> CZ | D77: 19 | E77: =D77 -> 19 | F77: 10 | G77: =$C$1*D77+(1-$C$1)*E77 -> 19 | H77: 9 | I77: =$C$1*F77+(1-$C$1)*G77 -> 16.3 | J77: 6 | K77: =$C$1*H77+(1-$C$1)*I77 -> 14.11 | L77: 25 | M77: =$C$1*J77+(1-$C$1)*K77 -> 11.677 | N77: 208 | O77: =$C$1*M77+(1-$C$1)*L77 -> 21.0031 | P77: 138 | Q77: =$C$1*N77+(1-$C$1)*O77 -> 77.10217 | R77: 103 | S77: =$C$1*P77+(1-$C$1)*Q77 -> 95.371519 | T77: 102 | U77: =$C$1*R77+(1-$C$1)*S77 -> 97.660063 | V77: 0 | W77: =$C$1*T77+(1-$C$1)*U77 -> 98.962044 | X77: 26 | Y77: =$C$1*V77+(1-$C$1)*W77 -> 69.273431 | Z77: 18 | AA77: =$C$1*X77+(1-$C$1)*Y77 -> 56.291402 | AB77: 5 | AC77: =$C$1*Z77+(1-$C$1)*AA77 -> 44.803981 | AD77: 2 | AE77: =$C$1*AB77+(1-$C$1)*AC77 -> 32.862787 | AF77: 152 | AG77: =$C$1*AD77+(1-$C$1)*AE77 -> 23.603951 | AH77: 2 | AI77: =$C$1*AF77+(1-$C$1)*AG77 -> 62.122766 | AJ77: 6 | AK77: =$C$1*AH77+(1-$C$1)*AI77 -> 44.085936 | AL77: 15 | AM77: =$C$1*AJ77+(1-$C$1)*AK77 -> 32.660155 | AN77: =ABS(AL77-AM77) -> 17.660155 | AO77: =IFERROR(ABS((AL77-AM77)/AL77),"0") -> 1.1773437
A78: SUNDRY-INV | B78: Modify Shaft PTO for AD1030-01 TO 02 | C78: =_xlfn.XLOOKUP(A78,Fore!A:A,Fore!AC:AC) -> CZ | D78: 19 | E78: =D78 -> 19 | F78: 10 | G78: =$C$1*D78+(1-$C$1)*E78 -> 19 | H78: 9 | I78: =$C$1*F78+(1-$C$1)*G78 -> 16.3 | J78: 6 | K78: =$C$1*H78+(1-$C$1)*I78 -> 14.11 | L78: 25 | M78: =$C$1*J78+(1-$C$1)*K78 -> 11.677 | N78: 208 | O78: =$C$1*M78+(1-$C$1)*L78 -> 21.0031 | P78: 138 | Q78: =$C$1*N78+(1-$C$1)*O78 -> 77.10217 | R78: 103 | S78: =$C$1*P78+(1-$C$1)*Q78 -> 95.371519 | T78: 102 | U78: =$C$1*R78+(1-$C$1)*S78 -> 97.660063 | V78: 0 | W78: =$C$1*T78+(1-$C$1)*U78 -> 98.962044 | X78: 26 | Y78: =$C$1*V78+(1-$C$1)*W78 -> 69.273431 | Z78: 18 | AA78: =$C$1*X78+(1-$C$1)*Y78 -> 56.291402 | AB78: 5 | AC78: =$C$1*Z78+(1-$C$1)*AA78 -> 44.803981 | AD78: 2 | AE78: =$C$1*AB78+(1-$C$1)*AC78 -> 32.862787 | AF78: 152 | AG78: =$C$1*AD78+(1-$C$1)*AE78 -> 23.603951 | AH78: 2 | AI78: =$C$1*AF78+(1-$C$1)*AG78 -> 62.122766 | AJ78: 6 | AK78: =$C$1*AH78+(1-$C$1)*AI78 -> 44.085936 | AL78: 15 | AM78: =$C$1*AJ78+(1-$C$1)*AK78 -> 32.660155 | AN78: =ABS(AL78-AM78) -> 17.660155 | AO78: =IFERROR(ABS((AL78-AM78)/AL78),"0") -> 1.1773437
A79: SUNDRY-INV | B79: Modify Shaft PTO for AD1036-01 | C79: =_xlfn.XLOOKUP(A79,Fore!A:A,Fore!AC:AC) -> CZ | D79: 19 | E79: =D79 -> 19 | F79: 10 | G79: =$C$1*D79+(1-$C$1)*E79 -> 19 | H79: 9 | I79: =$C$1*F79+(1-$C$1)*G79 -> 16.3 | J79: 6 | K79: =$C$1*H79+(1-$C$1)*I79 -> 14.11 | L79: 25 | M79: =$C$1*J79+(1-$C$1)*K79 -> 11.677 | N79: 208 | O79: =$C$1*M79+(1-$C$1)*L79 -> 21.0031 | P79: 138 | Q79: =$C$1*N79+(1-$C$1)*O79 -> 77.10217 | R79: 103 | S79: =$C$1*P79+(1-$C$1)*Q79 -> 95.371519 | T79: 102 | U79: =$C$1*R79+(1-$C$1)*S79 -> 97.660063 | V79: 0 | W79: =$C$1*T79+(1-$C$1)*U79 -> 98.962044 | X79: 26 | Y79: =$C$1*V79+(1-$C$1)*W79 -> 69.273431 | Z79: 18 | AA79: =$C$1*X79+(1-$C$1)*Y79 -> 56.291402 | AB79: 5 | AC79: =$C$1*Z79+(1-$C$1)*AA79 -> 44.803981 | AD79: 2 | AE79: =$C$1*AB79+(1-$C$1)*AC79 -> 32.862787 | AF79: 152 | AG79: =$C$1*AD79+(1-$C$1)*AE79 -> 23.603951 | AH79: 2 | AI79: =$C$1*AF79+(1-$C$1)*AG79 -> 62.122766 | AJ79: 6 | AK79: =$C$1*AH79+(1-$C$1)*AI79 -> 44.085936 | AL79: 15 | AM79: =$C$1*AJ79+(1-$C$1)*AK79 -> 32.660155 | AN79: =ABS(AL79-AM79) -> 17.660155 | AO79: =IFERROR(ABS((AL79-AM79)/AL79),"0") -> 1.1773437
A80: SUNDRY-INV | B80: Modify Shaft PTO for AE1028-01 | C80: =_xlfn.XLOOKUP(A80,Fore!A:A,Fore!AC:AC) -> CZ | D80: 19 | E80: =D80 -> 19 | F80: 10 | G80: =$C$1*D80+(1-$C$1)*E80 -> 19 | H80: 9 | I80: =$C$1*F80+(1-$C$1)*G80 -> 16.3 | J80: 6 | K80: =$C$1*H80+(1-$C$1)*I80 -> 14.11 | L80: 25 | M80: =$C$1*J80+(1-$C$1)*K80 -> 11.677 | N80: 208 | O80: =$C$1*M80+(1-$C$1)*L80 -> 21.0031 | P80: 138 | Q80: =$C$1*N80+(1-$C$1)*O80 -> 77.10217 | R80: 103 | S80: =$C$1*P80+(1-$C$1)*Q80 -> 95.371519 | T80: 102 | U80: =$C$1*R80+(1-$C$1)*S80 -> 97.660063 | V80: 0 | W80: =$C$1*T80+(1-$C$1)*U80 -> 98.962044 | X80: 26 | Y80: =$C$1*V80+(1-$C$1)*W80 -> 69.273431 | Z80: 18 | AA80: =$C$1*X80+(1-$C$1)*Y80 -> 56.291402 | AB80: 5 | AC80: =$C$1*Z80+(1-$C$1)*AA80 -> 44.803981 | AD80: 2 | AE80: =$C$1*AB80+(1-$C$1)*AC80 -> 32.862787 | AF80: 152 | AG80: =$C$1*AD80+(1-$C$1)*AE80 -> 23.603951 | AH80: 2 | AI80: =$C$1*AF80+(1-$C$1)*AG80 -> 62.122766 | AJ80: 6 | AK80: =$C$1*AH80+(1-$C$1)*AI80 -> 44.085936 | AL80: 15 | AM80: =$C$1*AJ80+(1-$C$1)*AK80 -> 32.660155 | AN80: =ABS(AL80-AM80) -> 17.660155 | AO80: =IFERROR(ABS((AL80-AM80)/AL80),"0") -> 1.1773437
... A82: SUNDRY-INV | B82: Modify Shaft PTO for AE1035-01 | C82: =_xlfn.XLOOKUP(A82,Fore!A:A,Fore!AC:AC) -> CZ | D82: 19 | E82: =D82 -> 19 | F82: 10 | G82: =$C$1*D82+(1-$C$1)*E82 -> 19 | H82: 9 | I82: =$C$1*F82+(1-$C$1)*G82 -> 16.3 | J82: 6 | K82: =$C$1*H82+(1-$C$1)*I82 -> 14.11 | L82: 25 | M82: =$C$1*J82+(1-$C$1)*K82 -> 11.677 | N82: 208 | O82: =$C$1*M82+(1-$C$1)*L82 -> 21.0031 | P82: 138 | Q82: =$C$1*N82+(1-$C$1)*O82 -> 77.10217 | R82: 103 | S82: =$C$1*P82+(1-$C$1)*Q82 -> 95.371519 | T82: 102 | U82: =$C$1*R82+(1-$C$1)*S82 -> 97.660063 | V82: 0 | W82: =$C$1*T82+(1-$C$1)*U82 -> 98.962044 | X82: 26 | Y82: =$C$1*V82+(1-$C$1)*W82 -> 69.273431 | Z82: 18 | AA82: =$C$1*X82+(1-$C$1)*Y82 -> 56.291402 | AB82: 5 | AC82: =$C$1*Z82+(1-$C$1)*AA82 -> 44.803981 | AD82: 2 | AE82: =$C$1*AB82+(1-$C$1)*AC82 -> 32.862787 | AF82: 152 | AG82: =$C$1*AD82+(1-$C$1)*AE82 -> 23.603951 | AH82: 2 | AI82: =$C$1*AF82+(1-$C$1)*AG82 -> 62.122766 | AJ82: 6 | AK82: =$C$1*AH82+(1-$C$1)*AI82 -> 44.085936 | AL82: 15 | AM82: =$C$1*AJ82+(1-$C$1)*AK82 -> 32.660155 | AN82: =ABS(AL82-AM82) -> 17.660155 | AO82: =IFERROR(ABS((AL82-AM82)/AL82),"0") -> 1.1773437
A83: FST-0296 | B83: M8-1.25 HH Bolt x 40 Lg. SS | C83: =_xlfn.XLOOKUP(A83,Fore!A:A,Fore!AC:AC) -> CY | D83: 0 | E83: =D83 -> 0 | F83: 0 | G83: =$C$1*D83+(1-$C$1)*E83 -> 0 | H83: 0 | I83: =$C$1*F83+(1-$C$1)*G83 -> 0 | J83: 0 | K83: =$C$1*H83+(1-$C$1)*I83 -> 0 | L83: 0 | M83: =$C$1*J83+(1-$C$1)*K83 -> 0 | N83: 0 | O83: =$C$1*M83+(1-$C$1)*L83 -> 0 | P83: 0 | Q83: =$C$1*N83+(1-$C$1)*O83 -> 0 | R83: 0 | S83: =$C$1*P83+(1-$C$1)*Q83 -> 0 | T83: 0 | U83: =$C$1*R83+(1-$C$1)*S83 -> 0 | V83: 0 | W83: =$C$1*T83+(1-$C$1)*U83 -> 0 | X83: 0 | Y83: =$C$1*V83+(1-$C$1)*W83 -> 0 | Z83: 0 | AA83: =$C$1*X83+(1-$C$1)*Y83 -> 0 | AB83: 0 | AC83: =$C$1*Z83+(1-$C$1)*AA83 -> 0 | AD83: 0 | AE83: =$C$1*AB83+(1-$C$1)*AC83 -> 0 | AF83: 0 | AG83: =$C$1*AD83+(1-$C$1)*AE83 -> 0 | AH83: 140 | AI83: =$C$1*AF83+(1-$C$1)*AG83 -> 0 | AJ83: 560 | AK83: =$C$1*AH83+(1-$C$1)*AI83 -> 42 | AL83: 140 | AM83: =$C$1*AJ83+(1-$C$1)*AK83 -> 197.4 | AN83: =ABS(AL83-AM83) -> 57.4 | AO83: =IFERROR(ABS((AL83-AM83)/AL83),"0") -> 0.41
A84: FST-0299 | B84: M10-1.5 HH Bolt x 85 Lg. SS HALF THREAD | C84: =_xlfn.XLOOKUP(A84,Fore!A:A,Fore!AC:AC) -> CY | D84: 0 | E84: =D84 -> 0 | F84: 0 | G84: =$C$1*D84+(1-$C$1)*E84 -> 0 | H84: 0 | I84: =$C$1*F84+(1-$C$1)*G84 -> 0 | J84: 0 | K84: =$C$1*H84+(1-$C$1)*I84 -> 0 | L84: 100 | M84: =$C$1*J84+(1-$C$1)*K84 -> 0 | N84: 250 | O84: =$C$1*M84+(1-$C$1)*L84 -> 70 | P84: 0 | Q84: =$C$1*N84+(1-$C$1)*O84 -> 124 | R84: 375 | S84: =$C$1*P84+(1-$C$1)*Q84 -> 86.8 | T84: 0 | U84: =$C$1*R84+(1-$C$1)*S84 -> 173.26 | V84: 0 | W84: =$C$1*T84+(1-$C$1)*U84 -> 121.282 | X84: 0 | Y84: =$C$1*V84+(1-$C$1)*W84 -> 84.8974 | Z84: 0 | AA84: =$C$1*X84+(1-$C$1)*Y84 -> 59.42818 | AB84: 0 | AC84: =$C$1*Z84+(1-$C$1)*AA84 -> 41.599726 | AD84: 0 | AE84: =$C$1*AB84+(1-$C$1)*AC84 -> 29.119808 | AF84: 0 | AG84: =$C$1*AD84+(1-$C$1)*AE84 -> 20.383866 | AH84: 0 | AI84: =$C$1*AF84+(1-$C$1)*AG84 -> 14.268706 | AJ84: 0 | AK84: =$C$1*AH84+(1-$C$1)*AI84 -> 9.9880942 | AL84: 0 | AM84: =$C$1*AJ84+(1-$C$1)*AK84 -> 6.9916659 | AN84: =ABS(AL84-AM84) -> 6.9916659 | AO84: =IFERROR(ABS((AL84-AM84)/AL84),"0") -> 0
A85: FST-0523 | B85: M8-1.25 NUT SS | C85: =_xlfn.XLOOKUP(A85,Fore!A:A,Fore!AC:AC) -> CZ | D85: 0 | E85: =D85 -> 0 | F85: 0 | G85: =$C$1*D85+(1-$C$1)*E85 -> 0 | H85: 0 | I85: =$C$1*F85+(1-$C$1)*G85 -> 0 | J85: 0 | K85: =$C$1*H85+(1-$C$1)*I85 -> 0 | L85: 20 | M85: =$C$1*J85+(1-$C$1)*K85 -> 0 | N85: 0 | O85: =$C$1*M85+(1-$C$1)*L85 -> 14 | P85: 0 | Q85: =$C$1*N85+(1-$C$1)*O85 -> 9.8 | R85: 0 | S85: =$C$1*P85+(1-$C$1)*Q85 -> 6.86 | T85: 200 | U85: =$C$1*R85+(1-$C$1)*S85 -> 4.802 | V85: 0 | W85: =$C$1*T85+(1-$C$1)*U85 -> 63.3614 | X85: 0 | Y85: =$C$1*V85+(1-$C$1)*W85 -> 44.35298 | Z85: 0 | AA85: =$C$1*X85+(1-$C$1)*Y85 -> 31.047086 | AB85: 0 | AC85: =$C$1*Z85+(1-$C$1)*AA85 -> 21.73296 | AD85: 0 | AE85: =$C$1*AB85+(1-$C$1)*AC85 -> 15.213072 | AF85: 0 | AG85: =$C$1*AD85+(1-$C$1)*AE85 -> 10.64915 | AH85: 0 | AI85: =$C$1*AF85+(1-$C$1)*AG85 -> 7.4544053 | AJ85: 500 | AK85: =$C$1*AH85+(1-$C$1)*AI85 -> 5.2180837 | AL85: 0 | AM85: =$C$1*AJ85+(1-$C$1)*AK85 -> 153.65266 | AN85: =ABS(AL85-AM85) -> 153.65266 | AO85: =IFERROR(ABS((AL85-AM85)/AL85),"0") -> 0
A86: FAC0042 | B86: SCOTBITE 7447B"3M" SIZE 6"X9"(60PCS/BX) | C86: =_xlfn.XLOOKUP(A86,Fore!A:A,Fore!AC:AC) -> CY | D86: 0 | E86: =D86 -> 0 | F86: 0 | G86: =$C$1*D86+(1-$C$1)*E86 -> 0 | H86: 0 | I86: =$C$1*F86+(1-$C$1)*G86 -> 0 | J86: 0 | K86: =$C$1*H86+(1-$C$1)*I86 -> 0 | L86: 121.5 | M86: =$C$1*J86+(1-$C$1)*K86 -> 0 | N86: 59 | O86: =$C$1*M86+(1-$C$1)*L86 -> 85.05 | P86: 15 | Q86: =$C$1*N86+(1-$C$1)*O86 -> 77.235 | R86: 90 | S86: =$C$1*P86+(1-$C$1)*Q86 -> 58.5645 | T86: 60 | U86: =$C$1*R86+(1-$C$1)*S86 -> 67.99515 | V86: 0 | W86: =$C$1*T86+(1-$C$1)*U86 -> 65.596605 | X86: 120 | Y86: =$C$1*V86+(1-$C$1)*W86 -> 45.917623 | Z86: 5 | AA86: =$C$1*X86+(1-$C$1)*Y86 -> 68.142336 | AB86: 0 | AC86: =$C$1*Z86+(1-$C$1)*AA86 -> 49.199636 | AD86: 71 | AE86: =$C$1*AB86+(1-$C$1)*AC86 -> 34.439745 | AF86: 59 | AG86: =$C$1*AD86+(1-$C$1)*AE86 -> 45.407821 | AH86: 0 | AI86: =$C$1*AF86+(1-$C$1)*AG86 -> 49.485475 | AJ86: 60 | AK86: =$C$1*AH86+(1-$C$1)*AI86 -> 34.639832 | AL86: 4 | AM86: =$C$1*AJ86+(1-$C$1)*AK86 -> 42.247883 | AN86: =ABS(AL86-AM86) -> 38.247883 | AO86: =IFERROR(ABS((AL86-AM86)/AL86),"0") -> 9.5619707
A87: FAC0723 | B87: INSULATED TERMINAL "RING TYPE" (AL)C25-6 | C87: =_xlfn.XLOOKUP(A87,Fore!A:A,Fore!AC:AC) -> CY | D87: 0 | E87: =D87 -> 0 | F87: 0 | G87: =$C$1*D87+(1-$C$1)*E87 -> 0 | H87: 0 | I87: =$C$1*F87+(1-$C$1)*G87 -> 0 | J87: 0 | K87: =$C$1*H87+(1-$C$1)*I87 -> 0 | L87: 0 | M87: =$C$1*J87+(1-$C$1)*K87 -> 0 | N87: 0 | O87: =$C$1*M87+(1-$C$1)*L87 -> 0 | P87: 0 | Q87: =$C$1*N87+(1-$C$1)*O87 -> 0 | R87: 444 | S87: =$C$1*P87+(1-$C$1)*Q87 -> 0 | T87: 0 | U87: =$C$1*R87+(1-$C$1)*S87 -> 133.2 | V87: 0 | W87: =$C$1*T87+(1-$C$1)*U87 -> 93.24 | X87: 0 | Y87: =$C$1*V87+(1-$C$1)*W87 -> 65.268 | Z87: 0 | AA87: =$C$1*X87+(1-$C$1)*Y87 -> 45.6876 | AB87: 0 | AC87: =$C$1*Z87+(1-$C$1)*AA87 -> 31.98132 | AD87: 0 | AE87: =$C$1*AB87+(1-$C$1)*AC87 -> 22.386924 | AF87: 200 | AG87: =$C$1*AD87+(1-$C$1)*AE87 -> 15.670847 | AH87: 0 | AI87: =$C$1*AF87+(1-$C$1)*AG87 -> 70.969593 | AJ87: 0 | AK87: =$C$1*AH87+(1-$C$1)*AI87 -> 49.678715 | AL87: 0 | AM87: =$C$1*AJ87+(1-$C$1)*AK87 -> 34.7751 | AN87: =ABS(AL87-AM87) -> 34.7751 | AO87: =IFERROR(ABS((AL87-AM87)/AL87),"0") -> 0
A88: FST-0549 | B88: M6-1.00 HH Bolt x 55Lg. SS ALL THREAD | C88: =_xlfn.XLOOKUP(A88,Fore!A:A,Fore!AC:AC) -> CY | D88: 0 | E88: =D88 -> 0 | F88: 0 | G88: =$C$1*D88+(1-$C$1)*E88 -> 0 | H88: 0 | I88: =$C$1*F88+(1-$C$1)*G88 -> 0 | J88: 0 | K88: =$C$1*H88+(1-$C$1)*I88 -> 0 | L88: 0 | M88: =$C$1*J88+(1-$C$1)*K88 -> 0 | N88: 93 | O88: =$C$1*M88+(1-$C$1)*L88 -> 0 | P88: 240 | Q88: =$C$1*N88+(1-$C$1)*O88 -> 27.9 | R88: 0 | S88: =$C$1*P88+(1-$C$1)*Q88 -> 91.53 | T88: 167 | U88: =$C$1*R88+(1-$C$1)*S88 -> 64.071 | V88: 0 | W88: =$C$1*T88+(1-$C$1)*U88 -> 94.9497 | X88: 0 | Y88: =$C$1*V88+(1-$C$1)*W88 -> 66.46479 | Z88: 0 | AA88: =$C$1*X88+(1-$C$1)*Y88 -> 46.525353 | AB88: 0 | AC88: =$C$1*Z88+(1-$C$1)*AA88 -> 32.567747 | AD88: 0 | AE88: =$C$1*AB88+(1-$C$1)*AC88 -> 22.797423 | AF88: 0 | AG88: =$C$1*AD88+(1-$C$1)*AE88 -> 15.958196 | AH88: 0 | AI88: =$C$1*AF88+(1-$C$1)*AG88 -> 11.170737 | AJ88: 136 | AK88: =$C$1*AH88+(1-$C$1)*AI88 -> 7.8195161 | AL88: 0 | AM88: =$C$1*AJ88+(1-$C$1)*AK88 -> 46.273661 | AN88: =ABS(AL88-AM88) -> 46.273661 | AO88: =IFERROR(ABS((AL88-AM88)/AL88),"0") -> 0
A89: 9043-0019-045-T | B89: BOLT M16-2.0x45 DIN 933 Class 10.9 Zinc | C89: =_xlfn.XLOOKUP(A89,Fore!A:A,Fore!AC:AC) -> CY | D89: 0 | E89: =D89 -> 0 | F89: 0 | G89: =$C$1*D89+(1-$C$1)*E89 -> 0 | H89: 0 | I89: =$C$1*F89+(1-$C$1)*G89 -> 0 | J89: 100 | K89: =$C$1*H89+(1-$C$1)*I89 -> 0 | L89: 0 | M89: =$C$1*J89+(1-$C$1)*K89 -> 30 | N89: 214 | O89: =$C$1*M89+(1-$C$1)*L89 -> 9 | P89: 0 | Q89: =$C$1*N89+(1-$C$1)*O89 -> 70.5 | R89: 0 | S89: =$C$1*P89+(1-$C$1)*Q89 -> 49.35 | T89: 0 | U89: =$C$1*R89+(1-$C$1)*S89 -> 34.545 | V89: 0 | W89: =$C$1*T89+(1-$C$1)*U89 -> 24.1815 | X89: 0 | Y89: =$C$1*V89+(1-$C$1)*W89 -> 16.92705 | Z89: 0 | AA89: =$C$1*X89+(1-$C$1)*Y89 -> 11.848935 | AB89: 0 | AC89: =$C$1*Z89+(1-$C$1)*AA89 -> 8.2942545 | AD89: 0 | AE89: =$C$1*AB89+(1-$C$1)*AC89 -> 5.8059781 | AF89: 0 | AG89: =$C$1*AD89+(1-$C$1)*AE89 -> 4.0641847 | AH89: 200 | AI89: =$C$1*AF89+(1-$C$1)*AG89 -> 2.8449293 | AJ89: 0 | AK89: =$C$1*AH89+(1-$C$1)*AI89 -> 61.991451 | AL89: 100 | AM89: =$C$1*AJ89+(1-$C$1)*AK89 -> 43.394015 | AN89: =ABS(AL89-AM89) -> 56.605985 | AO89: =IFERROR(ABS((AL89-AM89)/AL89),"0") -> 0.56605985
